title,score,comments,link,comments_link,author,post_time,scraped_at,tags,lobsters_id,source_tag,platform
"Datacenters in space are a terrible, horrible, no good idea",52,14,https://taranis.ie/datacenters-in-space-are-a-terrible-horrible-no-good-idea/,https://lobste.rs/s/a34m1x,fanf,2025-11-29 20:31:37-06:00,2025-11-30 14:33:00,"['hardware', 'science']",a34m1x,hot,lobsters
Zigbook is Plagiarizing the Zigtools Playground,58,6,https://zigtools.org/blog/zigbook-plagiarizing-playground/,https://lobste.rs/s/y6hggq,alichraghi,2025-11-29 21:53:14-06:00,2025-11-30 14:33:00,"['law', 'zig']",y6hggq,hot,lobsters
Langjam Gamejam: Build a programming language then make a game with it,46,15,https://langjamgamejam.com/,https://lobste.rs/s/gtcrvu,azhenley,2025-11-29 08:22:18-06:00,2025-11-30 14:33:00,"['games', 'plt']",gtcrvu,hot,lobsters
"Imgur Geo-Blocked the UK, So I Geo-Unblocked My Entire Network",22,14,https://blog.tymscar.com/posts/imgurukproxy/,https://lobste.rs/s/0u9ig2,Tymscar,2025-11-29 14:12:34-06:00,2025-11-30 14:33:00,"['networking', 'nix', 'web']",0u9ig2,hot,lobsters
Self-hosting my photos with Immich,76,24,https://michael.stapelberg.ch/posts/2025-11-29-self-hosting-photos-with-immich/,https://lobste.rs/s/cljhyb,stapelberg,2025-11-29 01:26:00-06:00,2025-11-30 14:33:00,['linux'],cljhyb,hot,lobsters
The Clade folding text editor,35,5,https://tibleiz.net/clade/,https://lobste.rs/s/seniup,lorddimwit,2025-11-29 15:23:01-06:00,2025-11-30 14:33:00,['editors'],seniup,hot,lobsters
Landlock-ing Linux,17,5,https://blog.prizrak.me/post/landlock/,https://lobste.rs/s/22oqr9,fanf,2025-11-29 19:38:09-06:00,2025-11-30 14:33:00,"['linux', 'security']",22oqr9,hot,lobsters
Oops! It's a kernel stack use-after-free: Exploiting NVIDIA's GPU Linux drivers,8,0,https://blog.quarkslab.com/nvidia_gpu_kernel_vmalloc_exploit.html,https://lobste.rs/s/dcifcp,pl,2025-11-30 02:47:51-06:00,2025-11-30 14:33:00,"['c', 'linux', 'security']",dcifcp,hot,lobsters
Major AI conference flooded with peer reviews written fully by AI,15,5,https://www.nature.com/articles/d41586-025-03506-6,https://lobste.rs/s/ww6cfs,laktak,2025-11-29 13:45:04-06:00,2025-11-30 14:33:00,['vibecoding'],ww6cfs,hot,lobsters
pgFirstAid-The PostgreSQL Health Check Blog Post,9,0,https://randoneering.tech/blog/pgfirstaid/pgfirstaid/,https://lobste.rs/s/heciwa,randoneering,2025-11-29 18:39:59-06:00,2025-11-30 14:33:00,['databases'],heciwa,hot,lobsters
Migrating Dillo from GitHub,2,1,https://dillo-browser.org/news/migration-from-github/,https://lobste.rs/s/mgwwtl,FedericoSchonborn,2025-11-30 08:09:19-06:00,2025-11-30 14:33:00,['vcs'],mgwwtl,hot,lobsters
Schubfach: The smallest state-of-the-art double-to-string implementation,25,3,https://vitaut.net/posts/2025/smallest-dtoa/,https://lobste.rs/s/qtsdoi,fanf,2025-11-29 10:44:34-06:00,2025-11-30 14:33:00,"['c++', 'math']",qtsdoi,hot,lobsters
How good engineers write bad code at big companies,112,61,https://www.seangoedecke.com/bad-code-at-big-companies/,https://lobste.rs/s/jxppk7,veverkap,2025-11-28 16:02:57-06:00,2025-11-30 14:33:00,['practices'],jxppk7,hot,lobsters
System 7 natively boots on the Mac mini G4,21,3,https://macos9lives.com/smforum/index.php?topic=7711.0,https://lobste.rs/s/uxqquq,jjuran,2025-11-29 10:35:50-06:00,2025-11-30 14:33:00,"['mac', 'retrocomputing']",uxqquq,hot,lobsters
Airbus issues major A320 recall due to software issue,22,12,https://www.reuters.com/business/aerospace-defense/airbus-issues-major-a320-recall-after-flight-control-incident-2025-11-28/,https://lobste.rs/s/ehcqlu,intarga,2025-11-29 06:53:02-06:00,2025-11-30 14:33:00,['programming'],ehcqlu,hot,lobsters
The HTTP Query Method,2,0,https://datatracker.ietf.org/doc/draft-ietf-httpbis-safe-method-w-body/,https://lobste.rs/s/qxxu6s,rfmoz,2025-11-30 08:22:16-06:00,2025-11-30 14:33:00,['web'],qxxu6s,hot,lobsters
Setting a wallpaper with less than 250 Kb,13,6,https://www.lgfae.com/posts/2025-11-21-SettingAWallpaperWithLessThan250KB.html,https://lobste.rs/s/ycwei1,blu,2025-11-29 10:41:56-06:00,2025-11-30 14:33:00,"['performance', 'rust']",ycwei1,hot,lobsters
acmeleaf: Simple declarative DNS-01 ACME client,15,14,https://codeberg.org/lindenii/acmeleaf,https://lobste.rs/s/7v8oy2,runxiyu,2025-11-29 01:20:52-06:00,2025-11-30 14:33:00,"['devops', 'show']",7v8oy2,hot,lobsters
elf: Python CLI and library for Advent of Code with input caching and safe submissions,4,1,https://github.com/cak/elf,https://lobste.rs/s/yaadqy,cak,2025-11-29 18:16:01-06:00,2025-11-30 14:33:00,['python'],yaadqy,hot,lobsters
Antifragile Programming and Why AI Wonâ€™t Steal Your Job,1,0,https://lemire.me/blog/2025/11/29/antifragile-programming-and-why-ai-wont-steal-your-job/,https://lobste.rs/s/m536lr,cjoly,2025-11-30 07:06:37-06:00,2025-11-30 14:33:00,['vibecoding'],m536lr,hot,lobsters
An update on the farphone's battery,48,22,https://far.computer/battery-update/,https://lobste.rs/s/l77zlu,louismerlin,2025-11-28 07:57:54-06:00,2025-11-30 14:33:00,['linux'],l77zlu,hot,lobsters
Eraser: A Dynamic Data Race Detector for Multithreaded Programs (1997),2,2,https://web.stanford.edu/class/archive/cs/cs240/cs240.1054/readings/Tocs97.pdf,https://lobste.rs/s/bx1zij,calvin,2025-11-29 17:05:52-06:00,2025-11-30 14:33:00,"['pdf', 'programming']",bx1zij,hot,lobsters
The Computer Wants to Lose Your Data: Bonus Bits,3,0,https://blog.sinjakli.co.uk/2025/11/29/the-computer-wants-to-lose-your-data-bonus-bits/,https://lobste.rs/s/psril1,fanf,2025-11-29 16:10:10-06:00,2025-11-30 14:33:00,['databases'],psril1,hot,lobsters
The CRDT Dictionary: A Field Guide to Conflict-Free Replicated Data Types,73,1,https://www.iankduncan.com/engineering/2025-11-27-crdt-dictionary,https://lobste.rs/s/60v35g,iand675,2025-11-28 04:46:09-06:00,2025-11-30 14:33:00,"['databases', 'distributed', 'scaling']",60v35g,hot,lobsters
The Origins of Scala (2009),3,0,https://www.artima.com/articles/the-origins-of-scala,https://lobste.rs/s/dtylzc,jez,2025-11-29 13:57:57-06:00,2025-11-30 14:33:00,"['historical', 'plt', 'scala']",dtylzc,hot,lobsters
Advent of Code 2025,1,0,https://adventofcode.com/2025,https://lobste.rs/s/gtzhvt,equeue,2025-11-30 08:59:23-06:00,2025-11-30 15:02:30,['programming'],gtzhvt,hot,lobsters
GitHub to Codeberg: my experience,16,1,https://eldred.fr/blog/forge-migration/,https://lobste.rs/s/cni8ze,jefftriplett,2025-11-30 10:10:40-06:00,2025-11-30 18:36:47,['vcs'],cni8ze,hot,lobsters
Windows drive letters are not limited to A-Z,12,1,https://www.ryanliptak.com/blog/windows-drive-letters-are-not-limited-to-a-z/,https://lobste.rs/s/9fjia8,susam,2025-11-30 10:52:13-06:00,2025-11-30 18:36:47,['windows'],9fjia8,hot,lobsters
From Zero to GitHub: Starting A New jj (Jujutsu) Repo,5,0,https://www.visualmode.dev/from-zero-to-github-starting-a-new-jj-jujutsu-repo,https://lobste.rs/s/p9s9yx,jbranchaud,2025-11-30 10:17:29-06:00,2025-11-30 18:36:47,['vcs'],p9s9yx,hot,lobsters
Linux Kernel Explorer | reverser.dev,2,0,https://reverser.dev,https://lobste.rs/s/y9mdbc,df,2025-11-30 11:51:57-06:00,2025-11-30 18:36:47,['linux'],y9mdbc,hot,lobsters
Dotcom Survivor Syndrome â€“ How Perlâ€™s Early Success Created the Seeds of Its Downfall,1,0,https://perlhacks.com/2025/11/dotcom-survivor-syndrome-how-perls-early-success-created-the-seeds-of-its-downfall/,https://lobste.rs/s/nddsix,tomhukins,2025-11-30 11:50:05-06:00,2025-11-30 18:36:47,"['historical', 'perl', 'practices']",nddsix,hot,lobsters
interop and mathml core,1,0,https://conflor.es/blog/2025-11-27-interop-and-mathml/,https://lobste.rs/s/wepzub,isuffix,2025-11-30 11:01:27-06:00,2025-11-30 18:36:47,"['math', 'web']",wepzub,hot,lobsters
Hacking on the reMarkable 2,19,0,https://sgt.hootr.club/blog/hacking-on-the-remarkable-2/,https://lobste.rs/s/h6bmm2,steinuil,2025-11-30 14:13:25-06:00,2025-12-01 02:32:50,['hardware'],h6bmm2,hot,lobsters
NixOS 25.11 released,14,5,https://nixos.org/blog/announcements/2025/nixos-2511/,https://lobste.rs/s/bvuwhl,Tenzer,2025-11-30 15:38:06-06:00,2025-12-01 02:32:50,"['nix', 'release']",bvuwhl,hot,lobsters
Real-Time Rendering with JPEG-Compressed Textures,11,1,https://github.com/elias1518693/jpeg_textures,https://lobste.rs/s/fq1avk,ignaloidas,2025-11-30 13:21:43-06:00,2025-12-01 02:32:50,['graphics'],fq1avk,hot,lobsters
A Love Letter to FreeBSD,7,0,https://www.tara.sh/posts/2025/2025-11-25_freebsd_letter/,https://lobste.rs/s/nfkyxc,johnklos,2025-11-30 17:51:45-06:00,2025-12-01 02:32:50,['freebsd'],nfkyxc,hot,lobsters
ty - Python type checker,6,0,https://docs.astral.sh/ty/,https://lobste.rs/s/e0s8iu,tffr,2025-11-30 17:38:39-06:00,2025-12-01 02:32:50,['python'],e0s8iu,hot,lobsters
Trillions Spent and Big Software Projects Are Still Failing,3,1,https://spectrum.ieee.org/it-management-software-failures,https://lobste.rs/s/5qd7be,gerikson,2025-11-30 15:12:21-06:00,2025-12-01 02:32:50,['practices'],5qd7be,hot,lobsters
You Want Microservicesâ€”But Do You Need Them?,4,0,https://www.docker.com/blog/do-you-really-need-microservices/,https://lobste.rs/s/0kkxgk,veqq,2025-11-30 14:10:14-06:00,2025-12-01 02:32:50,"['devops', 'practices']",0kkxgk,hot,lobsters
Boing,11,2,https://boing.greg.technology/,https://lobste.rs/s/ujdmkl,vaibhavsagar,2025-11-30 21:59:53-06:00,2025-12-01 06:45:35,['art'],ujdmkl,hot,lobsters
One jobserver to rule them all,3,0,https://blogs.gentoo.org/mgorny/2025/11/30/one-jobserver-to-rule-them-all/,https://lobste.rs/s/swvr1p,calvin,2025-12-01 00:12:33-06:00,2025-12-01 06:45:35,['unix'],swvr1p,hot,lobsters
Internet Handle,8,10,https://internethandle.org/,https://lobste.rs/s/jxubs2,op,2025-12-01 04:14:59-06:00,2025-12-01 13:00:48,['web'],jxubs2,hot,lobsters
Punycode: My New Favorite Algorithm,3,1,https://www.iankduncan.com/engineering/2025-12-01-punycode,https://lobste.rs/s/6joasa,iand675,2025-12-01 04:36:22-06:00,2025-12-01 13:00:48,"['browsers', 'networking', 'web']",6joasa,hot,lobsters
Building the perfect Linux PC with Linus Torvalds,4,2,https://youtu.be/mfv0V1SxbNA,https://lobste.rs/s/8eawgd,unmole,2025-12-01 04:49:48-06:00,2025-12-01 13:00:48,"['linux', 'video']",8eawgd,hot,lobsters
The HTTP QUERY Method,4,1,https://www.ietf.org/archive/id/draft-ietf-httpbis-safe-method-w-body-14.html,https://lobste.rs/s/vz0vom,mpweiher,2025-12-01 01:30:40-06:00,2025-12-01 13:00:48,['web'],vz0vom,hot,lobsters
Size Matters,3,3,https://matklad.github.io/2025/11/28/size-matters.html,https://lobste.rs/s/wsv9xn,abhin4v,2025-12-01 00:45:22-06:00,2025-12-01 13:00:48,['practices'],wsv9xn,hot,lobsters
"Online Documentation for Qt 6, KDE Frameworks, etc. for C & Zig",1,0,https://gist.github.com/rcalixte/63757948a7bf4190b469ff09c5ad7a67,https://lobste.rs/s/nduylx,rcalixte,2025-12-01 05:16:40-06:00,2025-12-01 13:00:48,"['c', 'show', 'zig']",nduylx,hot,lobsters
"Around The World, Part 27: Planting trees",1,0,https://frozenfractal.com/blog/2025/11/28/around-the-world-27-planting-trees/,https://lobste.rs/s/njv6w3,LesleyLai,2025-12-01 05:41:05-06:00,2025-12-01 13:00:48,"['games', 'graphics']",njv6w3,hot,lobsters
Constructing The Word's First JPEG XL MD5 Hash Quine,12,1,https://stackchk.fail/blog/jxl_hashquine_writeup,https://lobste.rs/s/tdwlso,bryce,2025-12-01 07:15:27-06:00,2025-12-01 18:45:40,['cryptography'],tdwlso,hot,lobsters
Off-grid Boat Communications with Meshtastic,11,0,https://blog.noforeignland.com/off-grid-boat-communications-with-meshtastic/,https://lobste.rs/s/i40dxk,mtlynch,2025-12-01 08:06:50-06:00,2025-12-01 18:45:40,['hardware'],i40dxk,hot,lobsters
Compressing callstacks: a bitpacked DAG powered by a keyless hashmap,5,0,https://superluminal.eu/compressing-callstacks/,https://lobste.rs/s/yp2ez1,asb,2025-12-01 10:08:51-06:00,2025-12-01 18:45:40,['performance'],yp2ez1,hot,lobsters
Medley Interlisp for the Newcomer,6,0,https://primer.interlisp.org,https://lobste.rs/s/q6bhuq,amoroso,2025-12-01 07:14:23-06:00,2025-12-01 18:45:40,"['lisp', 'retrocomputing']",q6bhuq,hot,lobsters
LLMs are a failure. A new AI winter is coming,1,1,https://taranis.ie/llms-are-a-failure-a-new-ai-winter-is-coming/,https://lobste.rs/s/gvldct,jkaye,2025-12-01 12:20:56-06:00,2025-12-01 18:45:40,['vibecoding'],gvldct,hot,lobsters
MADstack: rust web stack with some AI bits,1,0,https://github.com/pgray/MADstack,https://lobste.rs/s/7mplxm,pgray,2025-12-01 10:34:28-06:00,2025-12-01 18:45:40,"['rust', 'vibecoding', 'web']",7mplxm,hot,lobsters
"Why xor eax, eax?",28,6,https://xania.org/202512/01-xor-eax-eax,https://lobste.rs/s/dv0uwu,krtab,2025-12-01 13:33:05-06:00,2025-12-02 02:08:33,"['assembly', 'compilers']",dv0uwu,hot,lobsters
Don't Click Here,29,5,https://www.dont-click-here.com,https://lobste.rs/s/lkvvh7,lr0,2025-12-01 12:19:04-06:00,2025-12-02 02:08:33,['web'],lkvvh7,hot,lobsters
"Benchmarking read latency of AWS S3, S3 Express, EBS and Instance store",4,1,https://nixiesearch.substack.com/p/benchmarking-read-latency-of-aws,https://lobste.rs/s/4wqk4q,shutty,2025-12-01 15:03:23-06:00,2025-12-02 02:08:33,['performance'],4wqk4q,hot,lobsters
Complex end-to-end tests using Guix G-expressions,3,0,https://systemreboot.net/post/complex-end-to-end-tests-using-guix-g-expressions.html,https://lobste.rs/s/3mijhp,FedericoSchonborn,2025-12-01 17:16:00-06:00,2025-12-02 02:08:33,['nix'],3mijhp,hot,lobsters
Paged Out - Call for pages,3,0,https://pagedout.institute/?page=cfp.php,https://lobste.rs/s/xamzjw,Foxboron,2025-12-01 15:42:59-06:00,2025-12-02 02:08:33,"['event', 'programming']",xamzjw,hot,lobsters
FreeBSD 15.0-RELEASE Announcement,11,1,https://www.freebsd.org/releases/15.0R/announce/,https://lobste.rs/s/azyiij,trousers,2025-12-01 18:25:00-06:00,2025-12-02 06:42:57,['freebsd'],azyiij,hot,lobsters
Claude 4.5 Opus' Soul Document,11,1,https://www.lesswrong.com/posts/vpNG99GhbBoLov9og/claude-4-5-opus-soul-document,https://lobste.rs/s/fkt2is,mitsuhiko,2025-12-01 17:37:22-06:00,2025-12-02 06:42:57,['ai'],fkt2is,hot,lobsters
The Easiest Way to Build a Type Checker,5,0,https://jimmyhmiller.com/easiest-way-to-build-type-checker,https://lobste.rs/s/avpdkm,FedericoSchonborn,2025-12-01 21:06:53-06:00,2025-12-02 06:42:57,"['javascript', 'plt']",avpdkm,hot,lobsters
Gitmal - a static pages generator for Git repos,1,1,https://github.com/antonmedv/gitmal,https://lobste.rs/s/c8bzzd,antonmedv,2025-12-02 00:26:01-06:00,2025-12-02 06:42:57,"['go', 'release']",c8bzzd,hot,lobsters
Decreasing Certificate Lifetimes to 45 Days,22,6,https://letsencrypt.org/2025/12/02/from-90-to-45.html,https://lobste.rs/s/r2bamx,freddyb,2025-12-02 01:00:11-06:00,2025-12-02 13:00:31,"['practices', 'security']",r2bamx,hot,lobsters
Go proposal: Type-safe error checking,3,0,https://antonz.org/accepted/errors-astype/,https://lobste.rs/s/dngk6l,cgrinds,2025-12-02 06:30:19-06:00,2025-12-02 13:00:31,['go'],dngk6l,hot,lobsters
PtrHash: Minimal Perfect Hashing at RAM Throughput,3,0,https://curiouscoding.nl/posts/ptrhash/,https://lobste.rs/s/lfnjvn,knl,2025-12-02 03:34:34-06:00,2025-12-02 13:00:31,['compsci'],lfnjvn,hot,lobsters
New AI slop signal: code blocks with weird indentation,2,0,https://xeiaso.net/notes/2025/slop-signal-indentation/,https://lobste.rs/s/1naccs,FedericoSchonborn,2025-12-02 05:39:18-06:00,2025-12-02 13:00:31,['ai'],1naccs,hot,lobsters
Addressing the adding situation,2,0,https://xania.org/202512/02-adding-integers,https://lobste.rs/s/2ucpgd,invlpg,2025-12-02 05:31:23-06:00,2025-12-02 13:00:31,"['assembly', 'compilers']",2ucpgd,hot,lobsters
My First Impressions of MeshCore Off-Grid Messaging,11,3,https://mtlynch.io/first-impressions-of-meshcore/,https://lobste.rs/s/fd2j1n,mtlynch,2025-12-02 08:20:03-06:00,2025-12-02 18:43:54,['hardware'],fd2j1n,hot,lobsters
zmx: session persistence for terminal processes,8,1,https://github.com/neurosnap/zmx,https://lobste.rs/s/fvdh2d,erock,2025-12-02 10:42:31-06:00,2025-12-02 18:43:54,"['show', 'zig']",fvdh2d,hot,lobsters
nixtml: Static website and blog generator written in nix,7,0,https://github.com/arnarg/nixtml,https://lobste.rs/s/ysvvbi,granra,2025-12-02 08:52:22-06:00,2025-12-02 18:43:54,"['nix', 'show']",ysvvbi,hot,lobsters
Lazier Binary Decision Diagrams (BDDs) for set-theoretic types,9,2,https://elixir-lang.org/blog/2025/12/02/lazier-bdds-for-set-theoretic-types/,https://lobste.rs/s/cw85yf,jparise,2025-12-02 07:46:18-06:00,2025-12-02 18:43:54,"['elixir', 'plt']",cw85yf,hot,lobsters
EmacsConf 2025,7,0,https://emacsconf.org/2025/,https://lobste.rs/s/tvweri,vpr,2025-12-02 11:25:18-06:00,2025-12-02 18:43:54,"['emacs', 'event']",tvweri,hot,lobsters
Progress on TypeScript 7 - December 2025,5,0,https://devblogs.microsoft.com/typescript/progress-on-typescript-7-december-2025/,https://lobste.rs/s/xvroiv,WA9ACE,2025-12-02 11:54:35-06:00,2025-12-02 18:43:54,['compilers'],xvroiv,hot,lobsters
Solid state volumetric display,4,0,https://mastodon.social/@ancientjames/115648797968721973,https://lobste.rs/s/tyehi5,fanf,2025-12-02 10:44:50-06:00,2025-12-02 18:43:54,"['art', 'hardware', 'video']",tyehi5,hot,lobsters
Web-based markdown editor with no AI,1,0,https://kraa.io/about,https://lobste.rs/s/ymwbkg,wherewhy,2025-12-02 12:41:43-06:00,2025-12-02 18:43:54,"['design', 'show']",ymwbkg,hot,lobsters
"Noise, Stability, and ML model Calibration",1,0,https://www.testingbranch.com/noise_study/,https://lobste.rs/s/2toe3f,Mbat,2025-12-02 12:38:51-06:00,2025-12-02 18:43:54,['ai'],2toe3f,hot,lobsters
India orders smartphone makers to preload state-owned cyber safety app,7,0,https://www.reuters.com/sustainability/boards-policy-regulation/india-orders-mobile-phones-preloaded-with-government-app-ensure-cyber-safety-2025-12-01/,https://lobste.rs/s/awuxfp,sjamaan,2025-12-02 02:19:54-06:00,2025-12-02 18:43:54,"['mobile', 'privacy', 'security']",awuxfp,hot,lobsters
In defense of lock poisoning in Rust,30,6,https://sunshowers.io/posts/on-poisoning/,https://lobste.rs/s/vkyrtf,claytonwramsey,2025-12-02 13:59:53-06:00,2025-12-03 02:08:25,['rust'],vkyrtf,hot,lobsters
ACME Challenge for Persistent DNS TXT Record Validation,12,1,https://datatracker.ietf.org/doc/html/draft-sheurich-acme-dns-persist-01,https://lobste.rs/s/kwbowm,AsciiBoiler,2025-12-02 12:36:41-06:00,2025-12-03 02:08:25,['security'],kwbowm,hot,lobsters
Can we build WeChat Mini Apps using open web standards?,6,1,https://dmathewwws.com/antler-an-irl-browser,https://lobste.rs/s/yvb1ve,kv,2025-12-02 13:15:54-06:00,2025-12-03 02:08:25,"['android', 'ios', 'mobile']",yvb1ve,hot,lobsters
100000 TPS over a billion rows: the unreasonable effectiveness of SQLite,6,1,https://andersmurphy.com/2025/12/02/100000-tps-over-a-billion-rows-the-unreasonable-effectiveness-of-sqlite.html,https://lobste.rs/s/pelnhp,adityaathalye,2025-12-02 12:39:23-06:00,2025-12-03 02:08:25,"['clojure', 'databases']",pelnhp,hot,lobsters
How should we peer review software?,1,0,https://mirawelner.com/posts/peer_review.html,https://lobste.rs/s/1ullif,MiraWelner,2025-12-02 20:03:39-06:00,2025-12-03 02:08:25,"['practices', 'science']",1ullif,hot,lobsters
Nice to Meet You: Synthesizing Practical MLIR Abstract Transformers,2,0,https://users.cs.utah.edu/~regehr/papers/popl26.pdf,https://lobste.rs/s/odjs8e,lorddimwit,2025-12-02 17:48:19-06:00,2025-12-03 02:08:25,"['compilers', 'pdf']",odjs8e,hot,lobsters
Composing capability security and conflict-free replicated data types,2,1,https://spritely.institute/news/composing-capability-security-and-conflict-free-replicated-data-types.html,https://lobste.rs/s/wk8i4o,cyplo,2025-12-02 14:59:02-06:00,2025-12-03 02:08:25,"['distributed', 'lisp']",wk8i4o,hot,lobsters
Roko's dancing basilisk,4,1,https://boston.conman.org/2025/12/02.1,https://lobste.rs/s/lsf4hv,spc476,2025-12-02 20:52:19-06:00,2025-12-03 06:42:29,"['practices', 'vibecoding']",lsf4hv,hot,lobsters
Avoiding space leaks at all costs,5,2,https://chshersh.com/blog/2022-08-08-space-leak.html,https://lobste.rs/s/2bqnnc,abhin4v,2025-12-02 20:53:58-06:00,2025-12-03 06:42:29,"['haskell', 'performance']",2bqnnc,hot,lobsters
"Running Linux on a RiscPC, why is it so hard?",3,1,https://www.thejpster.org.uk/blog/blog-2025-12-02/,https://lobste.rs/s/ooaiag,lorddimwit,2025-12-02 21:18:01-06:00,2025-12-03 06:42:29,"['linux', 'retrocomputing']",ooaiag,hot,lobsters
Luarrow - True pipeline operators and elegant Haskell-style function composition for Lua,3,0,https://github.com/aiya000/luarrow.lua,https://lobste.rs/s/gdpcfi,mogs,2025-12-02 21:43:23-06:00,2025-12-03 06:42:29,['lua'],gdpcfi,hot,lobsters
Zig's new plan for asynchronous programs,14,1,https://lwn.net/SubscriberLink/1046084/6cb9e4e1fd82a90d/,https://lobste.rs/s/uzfrya,val,2025-12-03 02:05:57-06:00,2025-12-03 13:00:46,"['plt', 'zig']",uzfrya,hot,lobsters
It's Not Always ICache,2,0,https://matklad.github.io/2021/07/10/its-not-always-icache.html,https://lobste.rs/s/hd5ci1,hyperpape,2025-12-03 04:35:15-06:00,2025-12-03 13:00:46,"['assembly', 'performance']",hd5ci1,hot,lobsters
"How large DOM sizes affect interactivity, and what you can do about it (2023)",3,1,https://web.dev/articles/dom-size-and-interactivity,https://lobste.rs/s/iomcvh,altano,2025-12-02 21:59:37-06:00,2025-12-03 13:00:46,['web'],iomcvh,hot,lobsters
You can't fool the optimiser,1,0,https://xania.org/202512/03-more-adding-integers,https://lobste.rs/s/hjhrcg,fernplus,2025-12-03 06:44:29-06:00,2025-12-03 13:00:46,"['assembly', 'retrocomputing']",hjhrcg,hot,lobsters
Getting from tested to battle-tested,8,2,https://blog.janestreet.com/getting-from-tested-to-battle-tested/,https://lobste.rs/s/t2rpap,winter,2025-12-03 09:05:48-06:00,2025-12-03 18:42:45,['testing'],t2rpap,hot,lobsters
Modernizing Reddit's Comment Backend Infrastructure,4,0,https://www.reddit.com/r/RedditEng/comments/1mbqto6/modernizing_reddits_comment_backend_infrastructure/,https://lobste.rs/s/jf3xnv,eduard,2025-12-03 11:08:13-06:00,2025-12-03 18:42:45,['web'],jf3xnv,hot,lobsters
Local-first is not offline-first,3,0,https://shortdiv.com/posts/local-first-is-not-offline-first/,https://lobste.rs/s/1fbv9j,abnercoimbre,2025-12-03 12:18:39-06:00,2025-12-03 18:42:45,"['distributed', 'web']",1fbv9j,hot,lobsters
Marathon OS: A gesture-based mobile shell and Linux system inspired by BB10,3,0,https://marathonos.xyz/,https://lobste.rs/s/mdfzhq,w8l,2025-12-03 11:15:37-06:00,2025-12-03 18:42:45,"['linux', 'mobile']",mdfzhq,hot,lobsters
C++ Enum Class and Error Codes,2,0,https://mropert.github.io/2025/12/03/enum_class_error_codes_part3/,https://lobste.rs/s/ep3vsw,raymii,2025-12-03 12:21:35-06:00,2025-12-03 18:42:45,['c++'],ep3vsw,hot,lobsters
Ferrocene 25.11.0 now available,2,0,https://ferrous-systems.com/blog/ferrocene-25-11-0/,https://lobste.rs/s/eseckq,lonami,2025-12-03 12:09:45-06:00,2025-12-03 18:42:45,"['release', 'rust']",eseckq,hot,lobsters
Critical Security Vulnerability in React Server Components,2,0,https://react.dev/blog/2025/12/03/critical-security-vulnerability-in-react-server-components,https://lobste.rs/s/6w7mnm,dbushell,2025-12-03 11:54:44-06:00,2025-12-03 18:42:45,"['javascript', 'security']",6w7mnm,hot,lobsters
Desugaring the Relationship Between Concrete and Abstract Syntax,3,0,https://thunderseethe.dev/posts/desugar-base/,https://lobste.rs/s/jcrlmk,LesleyLai,2025-12-03 07:59:21-06:00,2025-12-03 18:42:45,"['compilers', 'plt']",jcrlmk,hot,lobsters
Ghostty Is Now Non-Profit,54,1,https://mitchellh.com/writing/ghostty-non-profit,https://lobste.rs/s/dxqyh4,rudis,2025-12-03 14:59:16-06:00,2025-12-04 02:09:18,['release'],dxqyh4,hot,lobsters
Teaching an LLM a Niche Diagraming Language,16,10,https://huy.rocks/everyday/12-01-2025-ai-teaching-an-llm-a-niche-diagraming-language,https://lobste.rs/s/lo8f8p,huytd,2025-12-03 12:56:29-06:00,2025-12-04 02:09:18,['vibecoding'],lo8f8p,hot,lobsters
"Alpine Linux 3.23.0 Released: apk-tools v3, linux-stable replaces linux-edge",12,1,https://alpinelinux.org/posts/Alpine-3.23.0-released.html,https://lobste.rs/s/70rhjl,achill,2025-12-03 14:55:36-06:00,2025-12-04 02:09:18,['linux'],70rhjl,hot,lobsters
No room for error - A case study of Gleam in production at Uncover,6,1,https://gleam.run/case-studies/uncover/,https://lobste.rs/s/tzdr8h,kamila,2025-12-03 13:39:53-06:00,2025-12-04 02:09:18,['gleam'],tzdr8h,hot,lobsters
37 Signals open-sources Fizzy,2,5,https://github.com/basecamp/fizzy,https://lobste.rs/s/777iyv,MatheusRich,2025-12-03 13:07:03-06:00,2025-12-04 02:09:18,"['release', 'ruby']",777iyv,hot,lobsters
foreign-dlopen: call dlopen from static programs,5,0,https://github.com/pfalcon/foreign-dlopen/,https://lobste.rs/s/feeb0w,confusedcyborg,2025-12-03 23:32:10-06:00,2025-12-04 06:42:27,['c'],feeb0w,hot,lobsters
What I learned building an opinionated and minimal coding agent,5,0,https://mariozechner.at/posts/2025-11-30-pi-coding-agent/,https://lobste.rs/s/ihdozl,jefftriplett,2025-12-03 22:11:16-06:00,2025-12-04 06:42:27,['vibecoding'],ihdozl,hot,lobsters
Trees - J Wiki,6,0,https://code.jsoftware.com/wiki/User:Devon_McCormick/Trees,https://lobste.rs/s/l0l4xq,veqq,2025-12-03 18:23:30-06:00,2025-12-04 06:42:27,"['apl', 'compsci']",l0l4xq,hot,lobsters
A Technical Tour of the DeepSeek Models from V3 to V3.2,2,0,https://magazine.sebastianraschka.com/p/technical-deepseek,https://lobste.rs/s/ymmiqg,refi64,2025-12-03 22:46:49-06:00,2025-12-04 06:42:27,['ai'],ymmiqg,hot,lobsters
SWI-Prolog 10.0.0 released,20,3,https://swi-prolog.discourse.group/t/ann-swi-prolog-10-0-0-stable/9412,https://lobste.rs/s/kiouhn,aarroyoc,2025-12-04 01:52:53-06:00,2025-12-04 13:01:11,['release'],kiouhn,hot,lobsters
Why I Ignore The Spotlight as a Staff Engineer,8,0,https://lalitm.com/software-engineering-outside-the-spotlight/,https://lobste.rs/s/xdjgbd,lalitm,2025-12-04 05:34:59-06:00,2025-12-04 13:01:11,['practices'],xdjgbd,hot,lobsters
Super-flat ASTs,21,1,https://jhwlr.io/super-flat-ast/,https://lobste.rs/s/0ujeoo,asb,2025-12-04 00:44:38-06:00,2025-12-04 13:01:11,"['compilers', 'performance']",0ujeoo,hot,lobsters
PGlite - Embeddable Postgres,7,3,https://pglite.dev/,https://lobste.rs/s/abxtov,linkdd,2025-12-04 05:33:55-06:00,2025-12-04 13:01:11,"['databases', 'wasm']",abxtov,hot,lobsters
On recreating the lost SDK for a 42-year-old operating system: VisiCorp Visi On,4,0,https://git.sr.ht/~nkali/vision-sdk/tree/main/note/index.md,https://lobste.rs/s/z8gyu7,amoroso,2025-12-04 04:42:13-06:00,2025-12-04 13:01:11,"['osdev', 'retrocomputing']",z8gyu7,hot,lobsters
walrus (High Performance distributed log streaming engine),2,1,https://github.com/nubskr/walrus,https://lobste.rs/s/dvhbwp,rmoff,2025-12-04 04:58:11-06:00,2025-12-04 13:01:11,['distributed'],dvhbwp,hot,lobsters
The Human Writes Font,3,0,https://humanwritesfont.com/,https://lobste.rs/s/psmwt9,bkhl,2025-12-04 04:32:26-06:00,2025-12-04 13:01:11,['design'],psmwt9,hot,lobsters
"If it ainâ€™t broke, â€¦",3,0,https://www.dra27.uk/blog/platform/2025/12/01/if-it-aint-broke.html,https://lobste.rs/s/fohqx5,tjammer,2025-12-04 03:19:58-06:00,2025-12-04 13:01:11,"['ml', 'practices', 'windows']",fohqx5,hot,lobsters
SVG Filters - Clickjacking 2.0,22,0,https://lyra.horse/blog/2025/12/svg-clickjacking/,https://lobste.rs/s/omnyrf,rebane2001,2025-12-04 08:04:13-06:00,2025-12-04 18:43:44,"['security', 'web']",omnyrf,hot,lobsters
Django 6.0 released,6,1,https://www.djangoproject.com/weblog/2025/dec/03/django-60-released/,https://lobste.rs/s/u0k1h6,jefftriplett,2025-12-04 10:20:11-06:00,2025-12-04 18:43:44,"['python', 'web']",u0k1h6,hot,lobsters
Is Pixelfed sawing off the branch that the Fediverse is sitting on?,3,2,https://ploum.net/2025-12-04-pixelfed-against-fediverse.html,https://lobste.rs/s/3gv7ga,op,2025-12-04 11:30:01-06:00,2025-12-04 18:43:44,['web'],3gv7ga,hot,lobsters
tunnl.gg | Expose localhost to the internet,7,2,https://tunnl.gg/,https://lobste.rs/s/ffick3,linkdd,2025-12-04 05:44:00-06:00,2025-12-04 18:43:44,"['devops', 'networking']",ffick3,hot,lobsters
Hunting a production-only proxy bug in SvelteKit,2,0,https://drew.silcock.dev/blog/fixing-a-bug-in-sveltekit/,https://lobste.rs/s/wtzco2,drewsberry,2025-12-04 09:58:18-06:00,2025-12-04 18:43:44,['javascript'],wtzco2,hot,lobsters
APL for Plan9,2,0,https://apl.pmikkelsen.com/,https://lobste.rs/s/qdenps,veqq,2025-12-04 12:27:17-06:00,2025-12-04 18:43:44,['apl'],qdenps,hot,lobsters
Functional Quadtrees,1,2,https://www.lindelystables.dk/en/posts/functional-quadtree-clojure,https://lobste.rs/s/ud9u0e,soulcutter,2025-12-04 11:07:08-06:00,2025-12-04 18:43:44,['clojure'],ud9u0e,hot,lobsters
][ Hello blog,12,5,https://nobloat.org/articles/2025-07-01-hello-blog.html,https://lobste.rs/s/wkuvhx,cinemast,2025-12-04 14:42:13-06:00,2025-12-05 02:09:13,"['go', 'show']",wkuvhx,hot,lobsters
jujutsu v0.36.0 released,18,1,https://github.com/jj-vcs/jj/releases/tag/v0.36.0,https://lobste.rs/s/x7glis,mediremi,2025-12-04 15:46:54-06:00,2025-12-05 02:09:13,"['release', 'vcs']",x7glis,hot,lobsters
"Fairphone open-sources Fairphone 5 and 6 software, and Moments switch",16,1,https://www.fairphone.com/en/2025/12/04/were-big-fans-of-open-source-buildable-code-at-fairphone-heres-why/,https://lobste.rs/s/4pvwma,kmaasrud,2025-12-04 14:41:13-06:00,2025-12-05 02:09:13,['android'],4pvwma,hot,lobsters
bcachefs 1.33.0 - reconcile,10,3,https://lore.kernel.org/linux-bcachefs/slvis5ybvo7ch3vxh5yb6turapyq7hai2tddwjriicfxqivnpn@xdpb25wey5xd/,https://lobste.rs/s/lmyqtn,diktomat,2025-12-04 14:04:42-06:00,2025-12-05 02:09:13,"['linux', 'release']",lmyqtn,hot,lobsters
Why ed(1)?,11,2,https://blog.thechases.com/posts/cli/why-ed1/,https://lobste.rs/s/ojl8fn,lorddimwit,2025-12-04 13:18:10-06:00,2025-12-05 02:09:13,['editors'],ojl8fn,hot,lobsters
JavaScript Announced 30 Years Ago,7,1,https://web.archive.org/web/20070916144913/http://wp.netscape.com/newsref/pr/newsrelease67.html,https://lobste.rs/s/v82ecm,carlana,2025-12-04 15:01:47-06:00,2025-12-05 02:09:13,"['historical', 'java', 'javascript']",v82ecm,hot,lobsters
This Month in Redox - November 2025,3,2,https://www.redox-os.org/news/this-month-251130/,https://lobste.rs/s/cbyhwk,gnafuthegreat,2025-12-04 17:19:14-06:00,2025-12-05 02:09:13,"['osdev', 'rust']",cbyhwk,hot,lobsters
What is better: a lookup table or an enum type?,4,1,https://www.cybertec-postgresql.com/en/lookup-table-or-enum-type/,https://lobste.rs/s/xisyov,eduard,2025-12-04 15:12:03-06:00,2025-12-05 02:09:13,['databases'],xisyov,hot,lobsters
rsync.net technical notes Q4,5,0,https://www.rsync.net/resources/notes/2025-q4-rsync.net_technotes.html,https://lobste.rs/s/asnk6f,knl,2025-12-04 13:58:39-06:00,2025-12-05 02:09:13,['unix'],asnk6f,hot,lobsters
Thoughts on Go vs. Rust vs. Zig,4,1,https://sinclairtarget.com/blog/2025/08/thoughts-on-go-vs.-rust-vs.-zig/,https://lobste.rs/s/whiefr,ucirello,2025-12-04 20:45:11-06:00,2025-12-05 06:42:48,"['go', 'rust', 'zig']",whiefr,hot,lobsters
How to speed up the Rust compiler in December 2025,1,0,https://nnethercote.github.io/2025/12/05/how-to-speed-up-the-rust-compiler-in-december-2025.html,https://lobste.rs/s/ihrynz,asb,2025-12-04 23:12:20-06:00,2025-12-05 06:42:48,"['performance', 'rust']",ihrynz,hot,lobsters
The Performance Revolution in JavaScript Tooling,1,0,https://blog.appsignal.com/2025/12/03/the-performance-revolution-in-javascript-tooling.html,https://lobste.rs/s/gdtbbh,ayo,2025-12-05 06:43:01-06:00,2025-12-05 12:57:45,['javascript'],gdtbbh,hot,lobsters
Unredacted Magazine Issue 008 SEP 2025,2,0,https://unredactedmagazine.com/issues/008.pdf,https://lobste.rs/s/dgxkdx,sjamaan,2025-12-05 01:45:11-06:00,2025-12-05 12:57:45,"['pdf', 'privacy', 'security']",dgxkdx,hot,lobsters
LISP Style & Design,1,0,https://archive.org/details/miller-and-benson-1990-lisp-style-design,https://lobste.rs/s/lm8vm2,amoroso,2025-12-05 05:12:00-06:00,2025-12-05 12:57:45,"['book', 'lisp']",lm8vm2,hot,lobsters
Golangâ€™s Big Miss on Memory Arenas,11,6,https://avittig.medium.com/golangs-big-miss-on-memory-arenas-f1375524cc90,https://lobste.rs/s/gv0fzl,telemachus,2025-12-05 07:02:50-06:00,2025-12-05 18:37:54,['go'],gv0fzl,hot,lobsters
The Resonant Computing Manifesto,4,0,https://resonantcomputing.org/,https://lobste.rs/s/fxccgk,atharva,2025-12-05 11:34:24-06:00,2025-12-05 18:37:54,['programming'],fxccgk,hot,lobsters
Typewriter plotters,5,0,https://biosrhythm.com/?p=2143,https://lobste.rs/s/nux2xg,fanf,2025-12-05 09:07:51-06:00,2025-12-05 18:37:54,"['hardware', 'historical']",nux2xg,hot,lobsters
"Layoutz â€“ Simple, beautiful CLI output for Haskell ðŸª¶",5,0,https://flora.pm/packages/@hackage/layoutz,https://lobste.rs/s/9i16af,Hecate,2025-12-05 07:27:25-06:00,2025-12-05 18:37:54,['haskell'],9i16af,hot,lobsters
Eventual Rust in CPython,3,0,https://lwn.net/SubscriberLink/1046933/d13433b823f559c0/,https://lobste.rs/s/jjkbno,ngoldbaum,2025-12-05 11:05:27-06:00,2025-12-05 18:37:54,"['python', 'rust']",jjkbno,hot,lobsters
When square pixels arenâ€™t square,3,0,https://alexwlchan.net/2025/square-pixels/,https://lobste.rs/s/brah61,eBPF,2025-12-05 10:38:03-06:00,2025-12-05 18:37:54,['web'],brah61,hot,lobsters
Framework Laptop 13 gets ARM processor with 12 cores via third-party upgrade kit,1,1,https://www.notebookcheck.net/Framework-Laptop-13-gets-ARM-processor-with-12-cores-via-upgrade-kit.1177930.0.html,https://lobste.rs/s/cgohab,hoistbypetard,2025-12-05 12:30:48-06:00,2025-12-05 18:37:54,['hardware'],cgohab,hot,lobsters
OSS Friday Update - The Shape of Ruby I/O to Come,3,0,https://noteflakes.com/articles/2025-12-05-friday-update,https://lobste.rs/s/h5w2fq,noteflakes,2025-12-05 16:12:36-06:00,2025-12-06 02:02:55,['ruby'],h5w2fq,hot,lobsters
I want a better build executor,7,0,https://jyn.dev/i-want-a-better-build-executor/,https://lobste.rs/s/iiqv1v,polywolf,2025-12-05 13:50:48-06:00,2025-12-06 02:02:55,['programming'],iiqv1v,hot,lobsters
The Path to Mojo 1.0,4,0,https://www.modular.com/blog/the-path-to-mojo-1-0,https://lobste.rs/s/cqruqw,duck_tape,2025-12-05 15:48:52-06:00,2025-12-06 02:02:55,['plt'],cqruqw,hot,lobsters
ARM's barrel shifter tricks,3,1,https://xania.org/202512/05-barrel-shifting-with-arm,https://lobste.rs/s/tmqhxn,fanf,2025-12-05 17:51:21-06:00,2025-12-06 02:02:55,['assembly'],tmqhxn,hot,lobsters
When a video codec wins an Emmy,4,1,https://blog.mozilla.org/en/mozilla/av1-video-codec-wins-emmy/,https://lobste.rs/s/ssksx7,freddyb,2025-12-05 11:12:29-06:00,2025-12-06 02:02:55,['practices'],ssksx7,hot,lobsters
What's the Point of Learning Functional Programming?,4,1,https://blog.daniel-beskin.com/2025-11-13-point-of-learning-fp,https://lobste.rs/s/dljowr,abhin4v,2025-12-05 21:56:35-06:00,2025-12-06 06:38:11,['haskell'],dljowr,hot,lobsters
Leaving Intel,2,1,https://www.brendangregg.com/blog//2025-12-05/leaving-intel.html,https://lobste.rs/s/ccin4h,lalitm,2025-12-05 23:25:17-06:00,2025-12-06 06:38:11,"['performance', 'person']",ccin4h,hot,lobsters
Should CSS be Constraints?,2,0,https://pavpanchekha.com/blog/why-css-bad.html,https://lobste.rs/s/qghzug,abhin4v,2025-12-05 22:17:31-06:00,2025-12-06 06:38:11,['css'],qghzug,hot,lobsters
Reminder about Framework Laptop,6,2,https://community.frame.work/t/framework-supporting-far-right-racists/75986,https://lobste.rs/s/hvjedk,catilac,2025-12-05 18:53:11-06:00,2025-12-06 06:38:11,['culture'],hvjedk,hot,lobsters
Why We Built Lightpanda in Zig,3,0,https://lightpanda.io/blog/posts/why-we-built-lightpanda-in-zig,https://lobste.rs/s/kqscsb,krig,2025-12-05 18:10:43-06:00,2025-12-06 06:38:11,['zig'],kqscsb,hot,lobsters
Flow Control: a programmer's text editor,8,4,https://flow-control.dev,https://lobste.rs/s/8o9mcu,krig,2025-12-06 03:42:13-06:00,2025-12-06 12:53:08,"['editors', 'vim', 'zig']",8o9mcu,hot,lobsters
Picking Optimal Token IDs,3,0,https://notes.hella.cheap/picking-optimal-token-ids.html,https://lobste.rs/s/mxujt7,bobpoekert,2025-12-05 13:41:33-06:00,2025-12-06 12:53:08,['compsci'],mxujt7,hot,lobsters
How I discovered a hidden microphone on a Chinese NanoKVM,12,2,https://telefoncek.si/2025/02/2025-02-10-hidden-microphone-on-nanokvm/,https://lobste.rs/s/bj04hv,UkiahSmith,2025-12-06 10:29:54-06:00,2025-12-06 18:36:12,['hardware'],bj04hv,hot,lobsters
Perl's decline was cultural,8,1,https://www.beatworm.co.uk/blog/computers/perls-decline-was-cultural-not-technical,https://lobste.rs/s/m3a3la,LeahNeukirchen,2025-12-06 11:38:43-06:00,2025-12-06 18:36:12,['perl'],m3a3la,hot,lobsters
"GitHub Actions Has a Package Manager, and It Might Be the Worst",6,1,https://nesbitt.io/2025/12/06/github-actions-package-manager.html,https://lobste.rs/s/zbqvyu,soulcutter,2025-12-06 11:40:01-06:00,2025-12-06 18:36:12,['security'],zbqvyu,hot,lobsters
FreeBSD 15: Why Youâ€™ll Want It,4,0,https://freebsdfoundation.org/blog/freebsd-15-why-youll-want-it/,https://lobste.rs/s/r93uje,eduard,2025-12-06 11:34:38-06:00,2025-12-06 18:36:12,['freebsd'],r93uje,hot,lobsters
Unaggregating Cloud Watch Metrics,1,0,https://tomlarkworthy.github.io/lopebooks/notebooks/@tomlarkworthy_unaggregating-cloudwatch-metrics.html,https://lobste.rs/s/6nugny,tlarkworthy,2025-12-06 11:08:18-06:00,2025-12-06 18:36:12,['devops'],6nugny,hot,lobsters
Diffie-Hellman Key Exchange Visualizer,2,0,https://sidney.sh/projects/diffie-visualizer/,https://lobste.rs/s/rpbofn,eBPF,2025-12-06 10:26:34-06:00,2025-12-06 18:36:12,['visualization'],rpbofn,hot,lobsters
I built a tiny RSS generator for my Advent of Code solutions,2,0,https://hamatti.org/posts/i-built-a-tiny-rss-generator-for-my-advent-of-code-solutions/,https://lobste.rs/s/sow4fy,dryya,2025-12-06 09:53:49-06:00,2025-12-06 18:36:12,['web'],sow4fy,hot,lobsters
What is Modal?,8,1,https://modal.cx/blog/what-is-modal/,https://lobste.rs/s/ly8qtt,Foxboron,2025-12-06 04:46:37-06:00,2025-12-06 18:36:12,"['culture', 'linux', 'mobile']",ly8qtt,hot,lobsters
"AI Energy Score v2: Refreshed Leaderboard, now with Reasoning",1,0,https://huggingface.co/blog/sasha/ai-energy-score-v2,https://lobste.rs/s/fvlcj3,mccd,2025-12-06 10:10:35-06:00,2025-12-06 18:36:12,"['ai', 'vibecoding']",fvlcj3,hot,lobsters
Use Python for Scripting,7,6,https://hypirion.com/musings/use-python-for-scripting,https://lobste.rs/s/iaspme,hyPiRion,2025-12-06 13:50:43-06:00,2025-12-07 02:24:42,['python'],iaspme,hot,lobsters
PocketMage Is an E Ink PDA For the Modern Era,10,0,https://www.hackster.io/news/pocketmage-is-an-e-ink-pda-for-the-modern-era-3dac295619c0,https://lobste.rs/s/sy3ldq,doriancodes,2025-12-06 14:01:51-06:00,2025-12-07 02:24:42,"['hardware', 'retrocomputing']",sy3ldq,hot,lobsters
Using LLMs at Oxide,4,1,https://rfd.shared.oxide.computer/rfd/0576,https://lobste.rs/s/t5zgds,steveklabnik,2025-12-06 19:18:06-06:00,2025-12-07 02:24:42,['vibecoding'],t5zgds,hot,lobsters
Struggling Towards an Algebraic Theory of Music,4,1,https://reasonablypolymorphic.com/blog/algebraic-music/index.html,https://lobste.rs/s/pohl2l,ztoz,2025-12-06 18:05:16-06:00,2025-12-07 02:24:42,['math'],pohl2l,hot,lobsters
What Lobsters Says - a browser extension to help you find Lobste.rs discussions,4,0,https://github.com/chase-lambert/what-lobsters-says,https://lobste.rs/s/ub1jid,Chase,2025-12-06 14:18:25-06:00,2025-12-07 02:24:42,"['clojure', 'show']",ub1jid,hot,lobsters
Oblast: a better Blasto game for the Commodore 64,1,0,http://oldvcr.blogspot.com/2025/12/oblast-better-blasto-game-for-commodore.html,https://lobste.rs/s/c861pn,classichasclass,2025-12-06 19:45:35-06:00,2025-12-07 02:24:42,"['games', 'retrocomputing']",c861pn,hot,lobsters
How to make a macOS screen saver,2,0,https://wadetregaskis.com/how-to-make-a-macos-screen-saver/,https://lobste.rs/s/xxlhtw,classichasclass,2025-12-06 18:23:35-06:00,2025-12-07 02:24:42,['mac'],xxlhtw,hot,lobsters
Eurydice: a Rust to C compiler (yes),1,0,http://jonathan.protzenko.fr/2025/10/28/eurydice.html,https://lobste.rs/s/1kcrn4,henrytill,2025-12-06 19:39:25-06:00,2025-12-07 02:24:42,"['c', 'compilers', 'rust']",1kcrn4,hot,lobsters
Fixed Points and Strike Mandates (2012),2,1,https://www.pvk.ca/Blog/2012/02/19/fixed-points-and-strike-mandates/,https://lobste.rs/s/x2qsqg,christine,2025-12-06 12:55:16-06:00,2025-12-07 02:24:42,"['compilers', 'math']",x2qsqg,hot,lobsters
Vanilla CSS is all you need,5,0,https://www.zolkos.com/2025/12/03/vanilla-css-is-all-you-need,https://lobste.rs/s/29tpgl,eduard,2025-12-06 22:39:56-06:00,2025-12-07 06:37:45,['css'],29tpgl,hot,lobsters
Discovering the indieweb with calm tech,4,0,https://alexsci.com/blog/calm-tech-discover/,https://lobste.rs/s/jkl29r,FedericoSchonborn,2025-12-06 21:23:43-06:00,2025-12-07 06:37:45,"['browsers', 'web']",jkl29r,hot,lobsters
Package Manager Design Tradeoffs,2,0,https://nesbitt.io/2025/12/05/package-manager-tradeoffs.html,https://lobste.rs/s/gffbjq,robalex,2025-12-06 22:39:04-06:00,2025-12-07 06:37:45,['programming'],gffbjq,hot,lobsters
The Deep Card Conundrum,1,0,https://frontendmasters.com/blog/the-deep-card-conundrum/,https://lobste.rs/s/xrn56k,isuffix,2025-12-06 23:35:11-06:00,2025-12-07 06:37:45,"['css', 'design']",xrn56k,hot,lobsters
Structural inheritance doesn't work where you expect it to,4,7,https://trynova.dev/blog/oops-im-dead,https://lobste.rs/s/gou975,rbr,2025-12-07 02:37:38-06:00,2025-12-07 12:51:50,['plt'],gou975,hot,lobsters
What I learnt about making websites by reading two thousand web pages,6,3,https://alexwlchan.net/2025/learning-how-to-make-websites/,https://lobste.rs/s/ibjifi,aashvik,2025-12-07 01:28:03-06:00,2025-12-07 12:51:50,['web'],ibjifi,hot,lobsters
The Wild West of Post-POSIX IO Interfaces,2,0,https://youtu.be/abDWZ9D8kEE,https://lobste.rs/s/wsq0v7,taras,2025-12-07 02:26:53-06:00,2025-12-07 12:51:50,"['osdev', 'video']",wsq0v7,hot,lobsters
It Is Worth It To Optimize Images For Your Site,16,4,https://brainbaking.com/post/2025/10/is-it-worth-it-to-optimize-images-for-your-site/,https://lobste.rs/s/ml4som,rbr,2025-12-07 07:14:01-06:00,2025-12-07 18:36:22,['web'],ml4som,hot,lobsters
KOllector - Publishing KOReader Highlights,4,0,https://tech.stonecharioteer.com/posts/2025/kollector/,https://lobste.rs/s/q8znua,stonecharioteer,2025-12-07 09:02:16-06:00,2025-12-07 18:36:22,"['python', 'show']",q8znua,hot,lobsters
The Gerrit code review iceberg,3,0,https://www.haiku-os.org/blog/pulkomandy/2025-11-24-the_gerrit_pending_review_iceberg/,https://lobste.rs/s/4tvzih,FedericoSchonborn,2025-12-07 10:12:54-06:00,2025-12-07 18:36:22,['osdev'],4tvzih,hot,lobsters
Why the Sanitizer API is just `setHTML()`,11,1,https://frederikbraun.de/why-sethtml.html,https://lobste.rs/s/fiakvo,freddyb,2025-12-07 15:16:39-06:00,2025-12-08 02:10:15,"['browsers', 'security', 'web']",fiakvo,hot,lobsters
An Attempt at a Compelling Articulation of Forth's Practical Strengths and Eternal Usefulness,3,0,https://im-just-lee.ing/forth-why-cb234c03.txt,https://lobste.rs/s/iuzgps,LenFalken,2025-12-07 18:22:52-06:00,2025-12-08 02:10:15,"['concatenative', 'programming']",iuzgps,hot,lobsters
F35 Fighter Jetâ€™s C++ Coding Standards,8,1,https://www.stroustrup.com/JSF-AV-rules.pdf,https://lobste.rs/s/loqwsc,azhenley,2025-12-07 12:57:17-06:00,2025-12-08 02:10:15,"['c++', 'pdf']",loqwsc,hot,lobsters
"Pulldash: Fast, filterable GitHub PR review. Entirely client-side",2,0,https://github.com/coder/pulldash,https://lobste.rs/s/iohaag,kylecarbs,2025-12-07 17:18:13-06:00,2025-12-08 02:10:15,"['javascript', 'web']",iohaag,hot,lobsters
Estimates are difficult for developers and product owners,3,0,https://thorsell.io/2025/12/07/estimates.html,https://lobste.rs/s/lp2m1v,GLaDER,2025-12-07 13:14:45-06:00,2025-12-08 02:10:15,['practices'],lp2m1v,hot,lobsters
Defeating Prompt Injections by Design,3,0,https://arxiv.org/pdf/2503.18813,https://lobste.rs/s/ldfsmq,viega,2025-12-07 13:02:02-06:00,2025-12-08 02:10:15,"['security', 'vibecoding']",ldfsmq,hot,lobsters
Desperately seeking squircles (2018),4,0,https://www.figma.com/blog/desperately-seeking-squircles/,https://lobste.rs/s/2s0rxd,fanf,2025-12-07 21:19:07-06:00,2025-12-08 06:47:13,"['design', 'math']",2s0rxd,hot,lobsters
IDEsaster: A Novel Vulnerability Class in AI IDEs,1,1,https://maccarita.com/posts/idesaster/,https://lobste.rs/s/qub7p6,sjamaan,2025-12-07 22:00:59-06:00,2025-12-08 06:47:13,"['editors', 'security', 'vibecoding']",qub7p6,hot,lobsters
potential security breach in syncthing-fork,9,2,https://mastodon.pirateparty.be/@surfhosting/115674236291033568,https://lobste.rs/s/urbcpw,laktak,2025-12-08 02:55:51-06:00,2025-12-08 12:59:13,"['android', 'security']",urbcpw,hot,lobsters
From Azure Functions to FreeBSD,8,1,https://jmmv.dev/2025/12/from-azure-functions-to-freebsd.html,https://lobste.rs/s/cae1mg,wezm,2025-12-08 01:58:21-06:00,2025-12-08 12:59:13,['freebsd'],cae1mg,hot,lobsters
Practical guide to XHTML,6,0,https://www.nayuki.io/page/practical-guide-to-xhtml,https://lobste.rs/s/s3ez2s,andrewchou,2025-12-08 05:08:29-06:00,2025-12-08 12:59:13,['web'],s3ez2s,hot,lobsters
Adding unpack syntax to RCL,4,0,https://ruudvanasseldonk.com/2025/adding-unpack-to-rcl,https://lobste.rs/s/n6rfvu,ruuda,2025-12-08 02:14:28-06:00,2025-12-08 12:59:13,['plt'],n6rfvu,hot,lobsters
"One too many words on AT&T's $2,000 Korn shell and other Usenet topics",2,0,https://blog.gabornyeki.com/2025-12-usenet/,https://lobste.rs/s/dbqbhm,gnyeki,2025-12-08 04:44:35-06:00,2025-12-08 12:59:13,"['hardware', 'historical', 'unix']",dbqbhm,hot,lobsters
Migrating burningboard.net Mastodon instance to a Multi-Jail FreeBSD Setup,5,0,https://blog.hofstede.it/migrating-burningboardnet-mastodon-instance-to-a-multi-jail-freebsd-setup/index.html,https://lobste.rs/s/4jbw6y,0mp,2025-12-08 03:02:49-06:00,2025-12-08 12:59:13,"['freebsd', 'web']",4jbw6y,hot,lobsters
"The Internet forgets, but I donâ€™t want to",7,2,https://alexwlchan.net/2025/social-media-scrapbook/,https://lobste.rs/s/lx05cl,holsta,2025-12-08 04:53:43-06:00,2025-12-08 12:59:13,"['culture', 'web']",lx05cl,hot,lobsters
150.000 nodes in a Virtual DOM? No problem,1,0,https://www.youtube.com/watch?v=P4ACFrznLOg,https://lobste.rs/s/tnlaka,robinheghan,2025-12-08 06:00:40-06:00,2025-12-08 12:59:13,"['video', 'web']",tnlaka,hot,lobsters
Golang optimizations for highâ€‘volume services,1,0,https://medium.com/@pliutau/golang-optimizations-for-high-volume-services-c8ea8bfd90de,https://lobste.rs/s/xq5n1g,pluto,2025-12-08 05:53:48-06:00,2025-12-08 12:59:13,['go'],xq5n1g,hot,lobsters
Commoning open-source versus growth-hacking open-source,6,3,https://garagehq.deuxfleurs.fr/blog/2025-commoning-opensource/,https://lobste.rs/s/wr3vrn,geekingfrog,2025-12-08 03:32:37-06:00,2025-12-08 12:59:13,['culture'],wr3vrn,hot,lobsters
State of Elixir 2025 - Community Survey Results,2,0,https://elixir-hub.com/surveys/2025,https://lobste.rs/s/zwzwqn,kamila,2025-12-08 04:11:52-06:00,2025-12-08 12:59:13,['elixir'],zwzwqn,hot,lobsters
Icons in Menus Everywhere â€” Send Help,26,9,https://blog.jim-nielsen.com/2025/icons-in-menus/,https://lobste.rs/s/qrepmu,carlana,2025-12-08 09:01:42-06:00,2025-12-08 18:42:20,"['design', 'mac']",qrepmu,hot,lobsters
Nova Programming Language,3,0,https://nova-lang.net/,https://lobste.rs/s/getto0,jkopin,2025-12-08 11:32:52-06:00,2025-12-08 18:42:20,['plt'],getto0,hot,lobsters
Advent of Management,2,0,https://github.com/thehammer/advent-of-management,https://lobste.rs/s/bwhgfe,pgr0ss,2025-12-08 11:25:04-06:00,2025-12-08 18:42:20,['vibecoding'],bwhgfe,hot,lobsters
Ray Marching Soft Shadows in 2D,3,1,http://www.rykap.com/2020/09/23/distance-fields/,https://lobste.rs/s/zbruc2,xyproto,2025-12-08 08:23:48-06:00,2025-12-08 18:42:20,"['graphics', 'programming']",zbruc2,hot,lobsters
A Brief History of Gopher,1,2,https://www.youtube.com/watch?v=Flo9kn_nhbg,https://lobste.rs/s/zf7gyb,hoistbypetard,2025-12-08 10:29:09-06:00,2025-12-08 18:42:20,"['historical', 'networking', 'video']",zf7gyb,hot,lobsters
Failing to recreate the 1996 Space Jam Website with Claude,2,0,https://j0nah.com/i-failed-to-recreate-the-1996-space-jam-website-with-claude,https://lobste.rs/s/iyzoah,creature,2025-12-08 09:43:42-06:00,2025-12-08 18:42:20,"['vibecoding', 'web']",iyzoah,hot,lobsters
Jepsen: NATS 2.12.1,42,5,https://jepsen.io/analyses/nats-2.12.1,https://lobste.rs/s/q2gai0,aphyr,2025-12-08 13:01:01-06:00,2025-12-09 02:09:21,"['databases', 'distributed', 'testing']",q2gai0,hot,lobsters
Deprecations via warnings donâ€™t work for Python libraries,7,6,https://sethmlarson.dev/deprecations-via-warnings-dont-work-for-python-libraries,https://lobste.rs/s/pvaalr,ubernostrum,2025-12-08 14:47:49-06:00,2025-12-09 02:09:21,"['practices', 'python']",pvaalr,hot,lobsters
Disagreements over post-quantum encryption for TLS,8,3,https://lwn.net/SubscriberLink/1048978/8efe916082e53bfe/,https://lobste.rs/s/2lglm4,cript0nauta,2025-12-08 13:56:14-06:00,2025-12-09 02:09:21,['cryptography'],2lglm4,hot,lobsters
Addressing Linux's Missing PKI Infrastructure,9,0,https://discourse.ubuntu.com/t/addressing-linuxs-missing-pki-infrastructure/73314,https://lobste.rs/s/fqsavw,freddyb,2025-12-08 13:34:24-06:00,2025-12-09 02:09:21,"['linux', 'security']",fqsavw,hot,lobsters
Readable Code is Unreadable,8,1,https://blog.wilsonb.com/posts/2025-06-06-readable-code-is-unreadable.html,https://lobste.rs/s/xk3zqh,atharva,2025-12-08 12:20:08-06:00,2025-12-09 02:09:21,"['apl', 'c', 'programming']",xk3zqh,hot,lobsters
Yew 0.22 - For Real This Time,9,0,https://yew.rs/blog/2025/11/29/release-0-22,https://lobste.rs/s/v41nn1,tomas,2025-12-08 12:37:48-06:00,2025-12-09 02:09:21,"['release', 'rust']",v41nn1,hot,lobsters
AMD GPU Debugger,3,0,https://thegeeko.me/blog/amd-gpu-debugging/,https://lobste.rs/s/uufi4l,mpweiher,2025-12-08 17:24:15-06:00,2025-12-09 02:09:21,"['debugging', 'graphics']",uufi4l,hot,lobsters
Prediction: AI will make formal verification go mainstream â€” Martin Kleppmannâ€™s blog,2,2,https://martin.kleppmann.com/2025/12/08/ai-formal-verification.html,https://lobste.rs/s/zsgdbg,ajessejiryudavis,2025-12-08 17:17:16-06:00,2025-12-09 02:09:21,"['ai', 'formalmethods']",zsgdbg,hot,lobsters
A New Way to Watch Your Linux System Work,4,2,https://www.both.org/?p=12706,https://lobste.rs/s/uaswiw,abnercoimbre,2025-12-08 13:14:41-06:00,2025-12-09 02:09:21,['linux'],uaswiw,hot,lobsters
Metacode: The new standard for machine-readable comments for Python,3,1,https://github.com/pomponchik/metacode,https://lobste.rs/s/yp9mou,pomponchik,2025-12-08 21:12:55-06:00,2025-12-09 06:43:17,['python'],yp9mou,hot,lobsters
"Optique 0.8.0: Conditional parsing, pass-through options, and LogTape integration",1,0,https://hackers.pub/@hongminhee/2025/optique-080,https://lobste.rs/s/wh35st,hongminhee,2025-12-08 22:58:10-06:00,2025-12-09 06:43:17,['javascript'],wh35st,hot,lobsters
Disagreements over post-quantum encryption for TLS,0,0,https://lwn.net/SubscriberLink/1048978/c1437060685f8214/,https://lobste.rs/s/jsghdg,lollipopman,2025-12-08 23:13:07-06:00,2025-12-09 06:43:17,['security'],jsghdg,hot,lobsters
"Join the on-call roster, itâ€™ll change your life",4,6,https://serce.me/posts/2025-12-09-join-oncall-it-will-change-your-life,https://lobste.rs/s/j1epfi,serce,2025-12-09 05:15:34-06:00,2025-12-09 13:01:11,"['devops', 'practices']",j1epfi,hot,lobsters
Factor 0.101 now available,8,2,https://re.factorcode.org/2025/12/factor-0-101-now-available.html,https://lobste.rs/s/wft20h,doublec,2025-12-09 03:26:20-06:00,2025-12-09 13:01:11,['concatenative'],wft20h,hot,lobsters
39C3 Fahrplan 2025,5,1,https://fahrplan.events.ccc.de/congress/2025/fahrplan/,https://lobste.rs/s/ztpekx,kidon,2025-12-09 03:01:28-06:00,2025-12-09 13:01:11,['event'],ztpekx,hot,lobsters
xkcd 1313: Regex Golf (2014),5,0,https://nbviewer.org/url/norvig.com/ipython/xkcd1313.ipynb,https://lobste.rs/s/a79acd,abhin4v,2025-12-09 02:41:52-06:00,2025-12-09 13:01:11,['python'],a79acd,hot,lobsters
Go proposal: Secret mode,1,0,https://antonz.org/accepted/runtime-secret/,https://lobste.rs/s/j92yom,cgrinds,2025-12-09 06:37:15-06:00,2025-12-09 13:01:11,['go'],j92yom,hot,lobsters
No ARIA is better than Bad ARIA,1,0,https://www.w3.org/WAI/ARIA/apg/practices/read-me-first/,https://lobste.rs/s/qr32px,freddyb,2025-12-09 06:29:20-06:00,2025-12-09 13:01:11,"['a11y', 'web']",qr32px,hot,lobsters
"Unofficial language server for gren, in rust",1,0,https://github.com/lue-bird/gren-language-server-unofficial,https://lobste.rs/s/yk038o,blaix,2025-12-09 05:59:47-06:00,2025-12-09 13:01:11,['programming'],yk038o,hot,lobsters
An apologia for lazy evaluation,1,0,https://epicandmonicisnotiso.blogspot.com/2023/03/an-apologia-of-lazy-evaluation.html,https://lobste.rs/s/rvtdbd,abhin4v,2025-12-09 05:54:52-06:00,2025-12-09 13:01:11,['haskell'],rvtdbd,hot,lobsters
Zig asserts are not C asserts,25,1,https://cryptocode.github.io/blog/docs/assert/,https://lobste.rs/s/gzom84,matklad,2025-12-09 08:52:54-06:00,2025-12-09 18:38:33,['zig'],gzom84,hot,lobsters
why i think jj-vcs is worth your time,11,7,https://schpet.com/note/why-i-think-jj-vcs-is-worth-your-time,https://lobste.rs/s/nrjotv,steveklabnik,2025-12-09 10:36:07-06:00,2025-12-09 18:38:33,['vcs'],nrjotv,hot,lobsters
The world needs social sovereignty,14,5,https://blog.joinmastodon.org/2025/12/the-world-needs-social-sovereignty/,https://lobste.rs/s/ekj7q2,FedericoSchonborn,2025-12-09 07:14:50-06:00,2025-12-09 18:38:33,['web'],ekj7q2,hot,lobsters
Fighting the Client Spaghetti Monster with Rust Traits,4,3,http://www.gnunicorn.org/writings/spaghetti-monster-clients-rust-traits-final-boss/,https://lobste.rs/s/iyycuu,gnunicorn,2025-12-09 08:59:01-06:00,2025-12-09 18:38:33,['rust'],iyycuu,hot,lobsters
Linux kernel version numbers,6,4,http://www.kroah.com/log/blog/2025/12/09/linux-kernel-version-numbers/,https://lobste.rs/s/mvwzes,j11g,2025-12-09 08:47:57-06:00,2025-12-09 18:38:33,['linux'],mvwzes,hot,lobsters
TextKit 2 - the promised land,8,1,https://blog.krzyzanowskim.com/2025/08/14/textkit-2-the-promised-land/,https://lobste.rs/s/zcve9a,notagoodidea,2025-12-09 07:59:41-06:00,2025-12-09 18:38:33,"['ios', 'mac']",zcve9a,hot,lobsters
CSS Wrapped 2025,5,2,https://chrome.dev/css-wrapped-2025/,https://lobste.rs/s/hekuyc,MatheusRich,2025-12-09 09:29:26-06:00,2025-12-09 18:38:33,"['browsers', 'css', 'web']",hekuyc,hot,lobsters
UringMachine Benchmarks,3,1,https://github.com/digital-fabric/uringmachine/blob/main/benchmark/README.md,https://lobste.rs/s/04j2mc,noteflakes,2025-12-09 08:00:00-06:00,2025-12-09 18:38:33,"['performance', 'ruby']",04j2mc,hot,lobsters
International Workshop on Plan 9: 2026 Edition,4,1,https://iwp9.org,https://lobste.rs/s/y5vgj7,orib,2025-12-09 10:28:58-06:00,2025-12-09 18:38:33,"['event', 'osdev']",y5vgj7,hot,lobsters
Compiler Engineering in Practice - Part 1: What is a Compiler?,5,3,https://chisophugis.github.io/2025/12/08/compiler-engineering-in-practice-part-1-what-is-a-compiler.html,https://lobste.rs/s/gcjtqe,dhruvp,2025-12-09 03:55:11-06:00,2025-12-09 18:38:33,['compilers'],gcjtqe,hot,lobsters
You Don't Need an ORM,1,0,https://www.youtube.com/watch?v=XEJxk5VUSTs,https://lobste.rs/s/lrnk2e,giacomo_cavalieri,2025-12-09 11:38:51-06:00,2025-12-09 18:38:33,"['databases', 'gleam', 'video']",lrnk2e,hot,lobsters
My favourite small hash table,14,7,https://www.corsix.org/content/my-favourite-small-hash-table,https://lobste.rs/s/2o4yp6,bitshift,2025-12-09 13:15:09-06:00,2025-12-10 02:11:17,['c'],2o4yp6,hot,lobsters
Multiplying our way out of division,3,2,https://xania.org/202512/07-division-again,https://lobste.rs/s/33c6po,wezm,2025-12-09 15:58:34-06:00,2025-12-10 02:11:17,['assembly'],33c6po,hot,lobsters
Postmortem: Intermittent Failure in SimKube CI Runners,1,0,https://blog.appliedcomputing.io/p/postmortem-intermittent-failure-in,https://lobste.rs/s/i2sdzy,drmorr,2025-12-09 17:34:55-06:00,2025-12-10 02:11:17,"['debugging', 'devops', 'distributed']",i2sdzy,hot,lobsters
10 Years of Let's Encrypt Certificates,4,0,https://letsencrypt.org/2025/12/09/10-years.html,https://lobste.rs/s/8utaot,fanf,2025-12-09 13:53:28-06:00,2025-12-10 02:11:17,['security'],8utaot,hot,lobsters
Fear of the Walking Zig: The Security Audit Gap,1,1,https://generativeai.pub/fear-of-the-walking-zig-the-security-audit-gap-707aec6ceb92,https://lobste.rs/s/yddim2,spc476,2025-12-09 18:41:26-06:00,2025-12-10 02:11:17,"['compilers', 'security', 'vibecoding', 'zig']",yddim2,hot,lobsters
Rust in the kernel is no longer experimental,11,7,https://lwn.net/Articles/1049831/,https://lobste.rs/s/otc3ak,accelbread,2025-12-09 22:25:28-06:00,2025-12-10 06:44:33,"['linux', 'rust']",otc3ak,hot,lobsters
Do Not Optimize Away,6,2,https://matklad.github.io/2025/12/09/do-not-optimize-away.html,https://lobste.rs/s/ki1ihc,fanf,2025-12-09 23:07:23-06:00,2025-12-10 06:44:33,['performance'],ki1ihc,hot,lobsters
How Google Maps quietly allocates survival across Londonâ€™s restaurants - and how I built a dashboard to see through it,3,0,https://laurenleek.substack.com/p/how-google-maps-quietly-allocates,https://lobste.rs/s/bcz0ro,df,2025-12-10 00:09:43-06:00,2025-12-10 06:44:33,['ai'],bcz0ro,hot,lobsters
Maybe we don't need a server,21,14,https://lecaro.me/20251203-maybe-we-do-not-need-a-server.html,https://lobste.rs/s/pbthr7,abnercoimbre,2025-12-10 13:36:04-06:00,2025-12-11 02:18:16,['privacy'],pbthr7,hot,lobsters
Size of Life,34,4,https://neal.fun/size-of-life/,https://lobste.rs/s/foxvd3,eatonphil,2025-12-10 10:03:47-06:00,2025-12-11 02:18:16,"['art', 'science']",foxvd3,hot,lobsters
Useful patterns for building HTML tools,8,4,https://simonwillison.net/2025/Dec/10/html-tools/,https://lobste.rs/s/ufudxi,simonw,2025-12-10 15:09:09-06:00,2025-12-11 02:18:16,"['javascript', 'vibecoding']",ufudxi,hot,lobsters
CDKTF has been deprecated,11,4,https://github.com/hashicorp/terraform-cdk/commit/a0c56138e2b4c7b6c128bd7ba08a8e317df852af,https://lobste.rs/s/v5wieg,vbernat,2025-12-10 13:26:06-06:00,2025-12-11 02:18:16,['devops'],v5wieg,hot,lobsters
Nature's many attempts to evolve a Nostr,5,5,https://newsletter.squishy.computer/p/natures-many-attempts-to-evolve-a,https://lobste.rs/s/ppjpwn,fiatjaf,2025-12-10 17:52:09-06:00,2025-12-11 02:18:16,['distributed'],ppjpwn,hot,lobsters
Stop Breaking TLS,44,10,https://www.markround.com/blog/2025/12/09/stop-breaking-tls/,https://lobste.rs/s/h7a3xy,mdr,2025-12-10 01:04:32-06:00,2025-12-11 02:18:16,"['rant', 'security']",h7a3xy,hot,lobsters
glic: Turn any (npm) library into a command-line utility,5,1,https://github.com/vagos/glic,https://lobste.rs/s/a9wxqv,vagos,2025-12-10 13:42:08-06:00,2025-12-11 02:18:16,['unix'],a9wxqv,hot,lobsters
Using edge detection to preserve significant features while downsampling,2,4,http://yogthos.net/pixel-mosaic.html,https://lobste.rs/s/sibl0p,Yogthos,2025-12-10 17:10:02-06:00,2025-12-11 02:18:16,"['graphics', 'javascript', 'programming']",sibl0p,hot,lobsters
Compressing embedded files in Go,11,1,https://vincent.bernat.ch/en/blog/2025-go-embed-compressed,https://lobste.rs/s/fzfas8,eduard,2025-12-10 12:22:34-06:00,2025-12-11 02:18:16,['go'],fzfas8,hot,lobsters
"Common Lisp, ASDF, and Quicklisp: packaging explained",13,6,http://cdegroot.com/programming/commonlisp/2025/11/26/cl-ql-asdf.html,https://lobste.rs/s/gb6ppu,amoroso,2025-12-10 05:08:47-06:00,2025-12-11 02:18:16,['lisp'],gb6ppu,hot,lobsters
Gin is a very bad software library,27,23,https://eblog.fly.dev/ginbad.html,https://lobste.rs/s/hmecxz,rau,2025-12-10 07:57:11-06:00,2025-12-11 02:18:16,"['go', 'rant', 'web']",hmecxz,hot,lobsters
Revisiting Let's Build a Compiler,20,0,https://eli.thegreenplace.net/2025/revisiting-lets-build-a-compiler/,https://lobste.rs/s/yrillw,LesleyLai,2025-12-10 03:42:24-06:00,2025-12-11 02:18:16,['compilers'],yrillw,hot,lobsters
SWIM: Outsourced Heartbeats,6,0,https://benjamincongdon.me/blog/2025/12/09/SWIM-Outsourced-Heartbeats/,https://lobste.rs/s/9k0wrj,kzdnk,2025-12-10 11:59:53-06:00,2025-12-11 02:18:16,"['compsci', 'distributed']",9k0wrj,hot,lobsters
RFC 9180 Hybrid Public Key Encryption,4,5,https://www.rfc-editor.org/rfc/rfc9180.html,https://lobste.rs/s/wvgp5t,Foxboron,2025-12-10 08:07:56-06:00,2025-12-11 02:18:16,['cryptography'],wvgp5t,hot,lobsters
Deconstructing the `CAP theorem' for CM and DevOps,1,1,https://markburgess.org/blog_cap.html,https://lobste.rs/s/pacpa4,evacchi,2025-12-10 17:34:53-06:00,2025-12-11 02:18:16,"['compsci', 'distributed']",pacpa4,hot,lobsters
Fish Alpinism,3,1,https://triapul.cz/_/1765291397,https://lobste.rs/s/liwan7,cyplo,2025-12-10 23:11:03-06:00,2025-12-11 06:46:10,"['art', 'openbsd']",liwan7,hot,lobsters
The Cost Of a Closure in C,8,0,https://thephd.dev/the-cost-of-a-closure-in-c-c2y,https://lobste.rs/s/wcw4si,mond,2025-12-11 02:35:31-06:00,2025-12-11 13:02:34,['c'],wcw4si,hot,lobsters
Let's Embed a Go Program into the Linux Kernel,1,0,https://sigma-star.at/blog/2023/07/embedded-go-prog/,https://lobste.rs/s/x49jb2,rw-rw-rw-,2025-12-11 06:48:49-06:00,2025-12-11 13:02:34,['linux'],x49jb2,hot,lobsters
pg_exporter: A PostgreSQL metric exporter for Prometheus written in Rust,1,0,https://github.com/nbari/pg_exporter,https://lobste.rs/s/kxndle,nbari,2025-12-11 05:51:37-06:00,2025-12-11 13:02:34,['databases'],kxndle,hot,lobsters
mmap in Go considered harmful,3,2,https://valyala.medium.com/mmap-in-go-considered-harmful-d92a25cb161d,https://lobste.rs/s/kirs9q,runxiyu,2025-12-11 03:54:54-06:00,2025-12-11 13:02:34,"['go', 'performance']",kirs9q,hot,lobsters
"Voiden: API specs, tests, and docs in one Markdown file",1,0,https://voiden.md,https://lobste.rs/s/kl95d9,dhruvp,2025-12-11 06:11:12-06:00,2025-12-11 13:02:34,['api'],kl95d9,hot,lobsters
Getting a Gemini API key is an exercise in frustration,5,0,https://ankursethi.com/blog/gemini-api-key-frustration/,https://lobste.rs/s/3laked,abhin4v,2025-12-10 22:39:04-06:00,2025-12-11 13:02:34,"['rant', 'vibecoding']",3laked,hot,lobsters
Announcing Rust 1.92.0,9,0,https://blog.rust-lang.org/2025/12/11/Rust-1.92.0,https://lobste.rs/s/3ejc1u,theelx,2025-12-11 10:33:14-06:00,2025-12-11 18:42:05,"['release', 'rust']",3ejc1u,hot,lobsters
A pragmatic guide to modern CSS colours - part two,7,0,https://piccalil.li/blog/a-pragmatic-guide-to-modern-css-colours-part-two/,https://lobste.rs/s/7zwc3z,hashemi,2025-12-11 08:30:49-06:00,2025-12-11 18:42:05,"['css', 'design', 'web']",7zwc3z,hot,lobsters
Programmers and software developers lost the plot on naming their tools,1,1,https://larr.net/p/namings.html,https://lobste.rs/s/qhairc,lr0,2025-12-11 12:05:55-06:00,2025-12-11 18:42:05,['programming'],qhairc,hot,lobsters
Cosmic Desktop is a fantastic first draft,2,2,https://www.youtube.com/watch?v=ob-Y77kuVwM,https://lobste.rs/s/ueglwk,rplacx,2025-12-11 11:28:05-06:00,2025-12-11 18:42:05,"['linux', 'video']",ueglwk,hot,lobsters
Deprecate Like You Mean It,6,9,https://entropicthoughts.com/deprecate-like-you-mean-it,https://lobste.rs/s/suc61a,rbr,2025-12-11 09:50:42-06:00,2025-12-11 18:42:05,"['programming', 'satire']",suc61a,hot,lobsters
Googleâ€™s code review pracitices,3,0,https://google.github.io/eng-practices/,https://lobste.rs/s/jecsli,xSavitar,2025-12-11 09:31:09-06:00,2025-12-11 18:42:05,['practices'],jecsli,hot,lobsters
Application Logging in Python: Recipes for Observability,2,0,https://www.dash0.com/guides/logging-in-python,https://lobste.rs/s/0eg7uy,ayo,2025-12-11 09:36:32-06:00,2025-12-11 18:42:05,['python'],0eg7uy,hot,lobsters
HELLDIVERS 2 - 85% reduction in install size with minimal performance impact,1,0,https://store.steampowered.com/news/app/553850/view/491583942944621371,https://lobste.rs/s/djfvzj,benton,2025-12-11 12:34:59-06:00,2025-12-11 18:42:05,"['games', 'performance']",djfvzj,hot,lobsters
"Over 10,000 Docker Hub images found leaking credentials, auth keys",1,0,https://www.bleepingcomputer.com/news/security/over-10-000-docker-hub-images-found-leaking-credentials-auth-keys/,https://lobste.rs/s/ozj9kp,yashgarg,2025-12-11 12:18:44-06:00,2025-12-11 18:42:05,['security'],ozj9kp,hot,lobsters
Litestream VFS,1,0,https://fly.io/blog/litestream-vfs/,https://lobste.rs/s/p20st3,emschwartz,2025-12-11 11:59:30-06:00,2025-12-11 18:42:05,['databases'],p20st3,hot,lobsters
bidicalc: a bidirectional calculator,21,0,https://victorpoughon.github.io/bidicalc/,https://lobste.rs/s/v5umfb,victorpoughon,2025-12-11 14:48:49-06:00,2025-12-12 02:13:38,['math'],v5umfb,hot,lobsters
Installing Every NixOS Package,26,4,https://unnamed.website/posts/installing-every-nixos-package/,https://lobste.rs/s/u7yz80,untrusem,2025-12-11 13:48:06-06:00,2025-12-12 02:13:38,['nix'],u7yz80,hot,lobsters
Pop!_OS 24.04 LTS Released: A Letter From Our Founder,15,4,https://blog.system76.com/post/pop-os-letter-from-our-founder,https://lobste.rs/s/jyl2j6,Jackevansevo,2025-12-11 13:37:35-06:00,2025-12-12 02:13:38,['linux'],jyl2j6,hot,lobsters
"Oils 0.37.0 - Alpine Linux, YSH, and mycpp",5,0,https://oils.pub/blog/2025/12/release-0.37.0.html,https://lobste.rs/s/lchmal,andyc,2025-12-11 16:23:20-06:00,2025-12-12 02:13:38,"['release', 'unix']",lchmal,hot,lobsters
Orvalho Spec,1,0,https://github.com/lucasew/orvalho/blob/main/SPEC.md,https://lobste.rs/s/z99i7c,lucasew,2025-12-11 19:48:31-06:00,2025-12-12 02:13:38,"['ask', 'mobile', 'rust', 'wasm']",z99i7c,hot,lobsters
The story of Propolice,6,1,http://miod.online.fr/software/openbsd/stories/propolice.html,https://lobste.rs/s/6i1cfa,calvin,2025-12-11 11:58:36-06:00,2025-12-12 02:13:38,"['compilers', 'historical', 'openbsd', 'security']",6i1cfa,hot,lobsters
Notes on Gamma,3,0,https://poniesandlight.co.uk/reflect/gamma/,https://lobste.rs/s/vvnsdb,LesleyLai,2025-12-11 18:27:22-06:00,2025-12-12 02:13:38,['graphics'],vvnsdb,hot,lobsters
Pop goes the...population count?,2,0,https://xania.org/202512/11-pop-goes-the-weasel-er-count,https://lobste.rs/s/zyvhp9,LesleyLai,2025-12-11 19:41:22-06:00,2025-12-12 02:13:38,"['assembly', 'compilers']",zyvhp9,hot,lobsters
The HTML-First Approach: Why htmx and Lightweight Frameworks Are Revolutionizing Web Development,4,0,https://www.danieleteti.it/post/html-first-frameworks-htmx-revolution-en/#building-with-html-instead-of-fighting-with-javascript-layers-,https://lobste.rs/s/2gwbhe,yawaramin,2025-12-11 14:20:24-06:00,2025-12-12 02:13:38,['web'],2gwbhe,hot,lobsters
Being a SysAdmin is hard,4,3,https://about.tree.ht/blog/treehut-outages-december-2025,https://lobste.rs/s/lzmklx,lilac,2025-12-11 21:35:25-06:00,2025-12-12 06:44:49,"['devops', 'networking']",lzmklx,hot,lobsters
A Lisp Interpreter Implemented in Conwayâ€™s Game of Life,4,1,https://woodrush.github.io/blog/posts/2022-01-12-lisp-in-life.html,https://lobste.rs/s/gxycog,abhin4v,2025-12-11 21:11:31-06:00,2025-12-12 06:44:49,['lisp'],gxycog,hot,lobsters
Freeing a Xiaomi Humidifier from the Cloud,1,0,https://0l.de/blog/2025/11/xiaomi-humidifier/,https://lobste.rs/s/cxhdjd,stv0g,2025-12-12 00:15:48-06:00,2025-12-12 06:44:49,['hardware'],cxhdjd,hot,lobsters
Guarding My Git Forge Against AI Scrapers,24,2,https://vulpinecitrus.info/blog/guarding-git-forge-ai-scrapers/,https://lobste.rs/s/g1o2t8,technetium,2025-12-11 23:56:21-06:00,2025-12-12 12:59:41,['web'],g1o2t8,hot,lobsters
Building smaller Docker images faster,5,1,https://sgt.hootr.club/blog/docker-protips/,https://lobste.rs/s/zi1xf6,steinuil,2025-12-12 04:46:40-06:00,2025-12-12 12:59:41,"['devops', 'performance']",zi1xf6,hot,lobsters
Unswitching loops for fun and profit,1,0,https://xania.org/202512/12-loop-unswitching,https://lobste.rs/s/psiboc,LesleyLai,2025-12-12 06:58:09-06:00,2025-12-12 12:59:41,"['assembly', 'compilers']",psiboc,hot,lobsters
Typeslayer - a TypeScript types performance tool,2,0,https://youtu.be/IP6EZXzXBzY,https://lobste.rs/s/9vbm52,typesanitizer,2025-12-12 02:54:36-06:00,2025-12-12 12:59:41,"['plt', 'video']",9vbm52,hot,lobsters
The Simple Habit That Saves My Evenings,1,0,https://alikhil.dev/posts/the-simple-habit-that-saves-my-evenings/,https://lobste.rs/s/vtg1wc,markerz,2025-12-12 05:42:33-06:00,2025-12-12 12:59:41,['practices'],vtg1wc,hot,lobsters
"I couldn't find a logging library that worked for my library, so I made one",5,2,https://hackers.pub/@hongminhee/2025/logtape-fedify-case-study,https://lobste.rs/s/ouph7k,hongminhee,2025-12-12 09:44:31-06:00,2025-12-12 18:42:07,['javascript'],ouph7k,hot,lobsters
Rethinking sudo with object capabilities,12,2,https://ariadne.space/2025/12/12/rethinking-sudo-with-object-capabilities.html,https://lobste.rs/s/ytelgx,runxiyu,2025-12-12 07:37:05-06:00,2025-12-12 18:42:07,"['security', 'unix']",ytelgx,hot,lobsters
Django: whatâ€™s new in 6.0,5,2,https://adamj.eu/tech/2025/12/03/django-whats-new-6.0/,https://lobste.rs/s/s9uxqa,carlana,2025-12-12 11:18:19-06:00,2025-12-12 18:42:07,['python'],s9uxqa,hot,lobsters
YOCaml a framework used to describe static site generator,3,0,https://yocaml.github.io/tutorial/index.html,https://lobste.rs/s/aeu3bf,xvw,2025-12-12 12:12:05-06:00,2025-12-12 18:42:07,"['ml', 'web']",aeu3bf,hot,lobsters
Building Trustworthy AI Agents,6,0,https://www.schneier.com/blog/archives/2025/12/building-trustworthy-ai-agents.html,https://lobste.rs/s/wqoq6t,Al3xFor,2025-12-12 09:08:46-06:00,2025-12-12 18:42:07,"['security', 'vibecoding']",wqoq6t,hot,lobsters
async dns,3,1,https://flak.tedunangst.com/post/async-dns,https://lobste.rs/s/2dh57o,runxiyu,2025-12-12 10:25:49-06:00,2025-12-12 18:42:07,"['c', 'networking']",2dh57o,hot,lobsters
"My Python setup, December 2025",2,0,https://chrisamico.com/blog/2025-12-07/uv-new-python-setup/,https://lobste.rs/s/oo7ovk,carlana,2025-12-12 12:32:39-06:00,2025-12-12 18:42:07,['python'],oo7ovk,hot,lobsters
50 years of proof assistants,2,0,https://lawrencecpaulson.github.io//2025/12/05/History_of_Proof_Assistants.html,https://lobste.rs/s/23lzm2,self,2025-12-12 12:21:22-06:00,2025-12-12 18:42:07,"['compsci', 'historical']",23lzm2,hot,lobsters
A Code Centric Journey Into the Gleam Language,1,0,https://www.youtube.com/watch?v=LMrKEaAi4RI,https://lobste.rs/s/fafy2d,giacomo_cavalieri,2025-12-12 10:00:36-06:00,2025-12-12 18:42:07,"['gleam', 'video']",fafy2d,hot,lobsters
Security Issues with Electronic Invoices,3,0,https://invoice.secvuln.info/,https://lobste.rs/s/lwmaa9,hanno,2025-12-12 14:26:57-06:00,2025-12-13 02:05:37,"['finance', 'security']",lwmaa9,hot,lobsters
Pure vs. impure iterators in Go,5,0,https://jub0bs.com/posts/2025-05-29-pure-vs-impure-iterators-in-go/,https://lobste.rs/s/fkbmwj,carlana,2025-12-12 14:41:16-06:00,2025-12-13 02:05:37,['go'],fkbmwj,hot,lobsters
CM0 - a new Raspberry Pi you can't buy,5,0,https://www.jeffgeerling.com/blog/2025/cm0-new-raspberry-pi-you-cant-buy,https://lobste.rs/s/50rzsf,hoistbypetard,2025-12-12 12:00:47-06:00,2025-12-13 02:05:37,['hardware'],50rzsf,hot,lobsters
Post-Quantum Cryptography on CHERIoT,3,0,https://cheriot.org/pqc/2025/12/12/pqc-on-cheriot.html,https://lobste.rs/s/azgmvv,fanf,2025-12-12 14:36:11-06:00,2025-12-13 02:05:37,['cryptography'],azgmvv,hot,lobsters
VACUUM Is a Lie: About Your Indexes,7,0,https://boringsql.com/posts/vacuum-is-lie/,https://lobste.rs/s/zhfh4t,fm,2025-12-12 20:06:05-06:00,2025-12-13 06:40:34,['databases'],zhfh4t,hot,lobsters
Indices point between elements (2015),1,2,https://blog.nelhage.com/2015/08/indices-point-between-elements/,https://lobste.rs/s/dndrsh,isuffix,2025-12-12 22:10:48-06:00,2025-12-13 06:40:34,['programming'],dndrsh,hot,lobsters
Cycle-accurate YM2149 PSG emulator,2,0,https://github.com/slippyex/ym2149-rs,https://lobste.rs/s/52nkjo,catilac,2025-12-12 21:15:36-06:00,2025-12-13 06:40:34,"['retrocomputing', 'rust']",52nkjo,hot,lobsters
The Coming Need for Formal Specification,2,0,https://benjamincongdon.me/blog/2025/12/12/The-Coming-Need-for-Formal-Specification/,https://lobste.rs/s/vpdzua,carlana,2025-12-12 21:00:36-06:00,2025-12-13 06:40:34,"['testing', 'vibecoding']",vpdzua,hot,lobsters
What's the point of lightweight code with modern computers?,15,7,https://liam-on-linux.dreamwidth.org/97426.html,https://lobste.rs/s/jkwpjw,raymii,2025-12-13 02:06:41-06:00,2025-12-13 12:54:07,['performance'],jkwpjw,hot,lobsters
"Crypto, FIDO and Security Tokens",8,0,https://docs.google.com/spreadsheets/d/1XlwmreiBkt82F4HG965Yp9ncULkgnFpNyfe7WAAtYPk/edit?gid=0#gid=0,https://lobste.rs/s/npbaul,stv0g,2025-12-13 00:55:58-06:00,2025-12-13 12:54:07,"['hardware', 'security']",npbaul,hot,lobsters
The (Mostly) Complete Unicode Spiral (2022),9,0,https://shkspr.mobi/blog/2022/07/the-mostly-complete-unicode-spiral/,https://lobste.rs/s/klxjty,gioele,2025-12-13 01:19:31-06:00,2025-12-13 12:54:07,['art'],klxjty,hot,lobsters
The Typeframe PX-88 Portable Computing System,3,1,https://www.typeframe.net/,https://lobste.rs/s/jgiub1,larsw,2025-12-13 04:23:56-06:00,2025-12-13 12:54:07,['hardware'],jgiub1,hot,lobsters
Can I use HTTPS RRs?,3,0,https://www.netmeister.org/blog/https-caniuse.html,https://lobste.rs/s/kchcqe,oger,2025-12-13 04:01:45-06:00,2025-12-13 12:54:07,"['browsers', 'web']",kchcqe,hot,lobsters
OSS Friday Update - Fibers are the Future of Ruby,1,0,https://noteflakes.com/articles/2025-12-12-friday-update,https://lobste.rs/s/ds24fd,noteflakes,2025-12-13 01:22:53-06:00,2025-12-13 12:54:07,"['performance', 'ruby']",ds24fd,hot,lobsters
"Concrete syntax matters, actually",1,0,https://www.youtube.com/watch?v=kQjrcSMYpaA,https://lobste.rs/s/agc8ik,asb,2025-12-13 06:25:31-06:00,2025-12-13 12:54:07,"['plt', 'video']",agc8ik,hot,lobsters
"I Tried Gleam for Advent of Code, and I Get the Hype",12,2,https://blog.tymscar.com/posts/gleamaoc2025/,https://lobste.rs/s/aoqsqp,Tymscar,2025-12-13 11:01:32-06:00,2025-12-13 18:36:12,"['gleam', 'programming']",aoqsqp,hot,lobsters
Rats Play Doom,11,5,https://ratsplaydoom.com/,https://lobste.rs/s/lsjmah,FedericoSchonborn,2025-12-13 08:55:09-06:00,2025-12-13 18:36:12,['games'],lsjmah,hot,lobsters
Please stop using middleware to protect your routes (2024),11,14,https://pilcrowonpaper.com/blog/middleware-auth/,https://lobste.rs/s/vx1gr7,markerz,2025-12-13 06:55:25-06:00,2025-12-13 18:36:12,"['practices', 'web']",vx1gr7,hot,lobsters
The state of the kernel Rust experiment,18,1,https://lwn.net/SubscriberLink/1050174/63aa7da43214c3ce/,https://lobste.rs/s/pjggcx,robinhundt,2025-12-13 07:29:17-06:00,2025-12-13 18:36:12,"['linux', 'rust']",pjggcx,hot,lobsters
Editors should have an opt-in for less assistance (2024),6,2,https://www.da.vidbuchanan.co.uk/blog/annoying-text-editors.html,https://lobste.rs/s/zfnnvr,rbr,2025-12-13 11:19:16-06:00,2025-12-13 18:36:12,['editors'],zfnnvr,hot,lobsters
"Indexed Reverse Polish Notation, an Alternative to AST",5,0,https://burakemir.ch/post/indexed-rpn/,https://lobste.rs/s/49dt7g,LesleyLai,2025-12-13 10:08:29-06:00,2025-12-13 18:36:12,['compilers'],49dt7g,hot,lobsters
Using nvi as a Minimal and Fast Text Editor,2,0,https://git.sr.ht/~r1w1s1/code-notes/blob/main/notes/NVI_Editor_Guide.txt,https://lobste.rs/s/g535vs,lorddimwit,2025-12-13 11:28:35-06:00,2025-12-13 18:36:12,['editors'],g535vs,hot,lobsters
Trying manual memory management in Go,1,0,https://www.youtube.com/watch?v=SHmJTgjldgg,https://lobste.rs/s/mrdocw,pluto,2025-12-13 07:21:50-06:00,2025-12-13 18:36:12,"['go', 'video']",mrdocw,hot,lobsters
icl: Interactive Common Lisp: an enhanced REPL,5,1,https://github.com/atgreen/icl,https://lobste.rs/s/ibjihl,atgreen,2025-12-13 18:34:07-06:00,2025-12-14 02:25:24,['lisp'],ibjihl,hot,lobsters
"what is a build system, anyway?",13,3,https://jyn.dev/what-is-a-build-system-anyway/,https://lobste.rs/s/zlsrd2,calvin,2025-12-13 13:40:53-06:00,2025-12-14 02:25:24,['programming'],zlsrd2,hot,lobsters
Faster double-to-string conversion,6,0,https://vitaut.net/posts/2025/faster-dtoa/,https://lobste.rs/s/j90ulf,asb,2025-12-13 14:00:03-06:00,2025-12-14 02:25:24,"['c++', 'performance']",j90ulf,hot,lobsters
"Go is portable, until it isn't",3,4,https://simpleobservability.com/blog/go-portable-until-isnt,https://lobste.rs/s/ijztws,rrm,2025-12-13 13:53:23-06:00,2025-12-14 02:25:24,['go'],ijztws,hot,lobsters
A very unscientific guide to the security of various PQC algorithms,2,0,https://keymaterial.net/2025/12/13/a-very-unscientific-guide-to-the-security-of-various-pqc-algorithms/,https://lobste.rs/s/6qdrdj,craigstuntz,2025-12-13 18:48:51-06:00,2025-12-14 02:25:24,"['cryptography', 'math']",6qdrdj,hot,lobsters
From profiling to kernel patch: the journey to an eBPF performance fix,2,0,https://www.rovarma.com/articles/from-profiling-to-kernel-patch-the-journey-to-an-ebpf-performance-fix/,https://lobste.rs/s/ux5a4b,serce,2025-12-13 16:02:23-06:00,2025-12-14 02:25:24,['performance'],ux5a4b,hot,lobsters
Skills vs Dynamic MCP Loadouts,5,0,https://lucumr.pocoo.org/2025/12/13/skills-vs-mcp/,https://lobste.rs/s/yxjqu5,cgrinds,2025-12-13 08:55:24-06:00,2025-12-14 02:25:24,['vibecoding'],yxjqu5,hot,lobsters
Build Systems A La Carte,5,1,https://www.microsoft.com/en-us/research/wp-content/uploads/2018/03/build-systems.pdf,https://lobste.rs/s/o3daas,orib,2025-12-13 22:37:15-06:00,2025-12-14 06:40:08,"['pdf', 'programming']",o3daas,hot,lobsters
Larval stage support engineering: great at what doesnâ€™t scale,2,1,https://thundergolfer.com/startups/support/2025/12/13/support-eng-stage-1/,https://lobste.rs/s/6awweq,thundergolfer,2025-12-13 20:32:05-06:00,2025-12-14 06:40:08,['practices'],6awweq,hot,lobsters
